publish_date,publish_time,title,body_text,url
2025-07-09,02:58,"UniCredit doubles Commerzbank stake to 20%, becomes top shareholder By Investing.com","Investing.com -- UniCredit SpA (BIT: ) has converted a portion of its derivatives-linked exposure to Commerzbank (ETR: ) into actual shares, doubling its equity stake and becoming the German lender’s largest shareholder.

The Italian bank announced late Tuesday that it now holds about 20% of Commerzbank’s shares and effective voting rights, following the conversion of a 10% interest previously held via financial instruments. The move comes after securing approvals from the European Central Bank, Germany’s antitrust authority, and the U.S. Federal Reserve.

Since September, UniCredit has been gradually building its position in Commerzbank, initially disclosing a 9.5% stake acquired through direct share purchases and expressing interest in a potential merger. Over the months, it added derivative positions tied to Commerzbank shares, eventually taking its exposure to around 28%.

The approach has stirred resistance in Germany. Politicians and labor unions have voiced concerns that an eventual takeover could lead to job cuts, shift strategic influence abroad, and reduce lending capacity for small and mid-sized German businesses.

Commerzbank’s management has also pushed back, reaffirming its commitment to remaining independent.

UniCredit already operates in Germany through its subsidiary HypoVereinsbank. CEO Andrea Orcel has previously signaled interest in cross-border deals, aiming to turn UniCredit into a leading European banking group capable of competing with U.S. giants.

Still, he has characterized the Commerzbank stake as a financial investment and left the door open to a potential exit.

With this latest conversion, UniCredit surpasses the German government, which still owns a 12% stake following its bailout of Commerzbank during the financial crisis. The bank said it plans to lift its voting rights to around 29% by converting the rest of its derivative exposure into shares.",https://www.investing.com/news/stock-market-news/unicredit-doubles-commerzbank-stake-to-20-becomes-top-shareholder-4127549
2025-07-09,02:54,Merck nears $10B acquisition of Verona Pharma at $107 per share,"Investing.com -- Merck (NYSE: ) is close to acquiring respiratory drugmaker Verona Pharma (NASDAQ: ) in a deal valued at approximately $10 billion, according to the Financial Times.

The pharmaceutical giant would pay $107 per American depository share for Verona, representing a 23% premium to the biotech company’s closing price on Tuesday, the Financial Times reported, citing three unidentified people familiar with the matter.

The potential acquisition would expand Merck’s portfolio in the respiratory disease treatment space, an area where Verona Pharma has specialized.

No official announcement has been made by either company regarding the potential transaction.

This article was generated with the support of AI and reviewed by an editor. For more information see our T&C.",https://www.investing.com/news/stock-market-news/merck-nears-10b-acquisition-of-verona-pharma-at-107-per-share--report-93CH-4127547
2025-07-09,02:52,WPP shares sink over 13% on revenue and profit warning By Investing.com,"Investing.com -- Shares of WPP (LON: ) tumbled more than 13% on Wednesday after the advertising giant slashed its full-year revenue and profit forecasts, blaming weaker-than-expected June trading, macroeconomic pressures, and a drop in net new business.

The London-based company now expects 2025 like-for-like revenue less pass-through costs to fall between 3% and 5%, down from earlier guidance of flat to a 2% decline.

Headline operating profit margin is forecast to drop by 50 to 175 basis points from a year earlier, excluding foreign exchange. The company had previously expected the margin to remain roughly flat.

“Since the start of the year, we have faced a challenging trading environment with macro pressures intensifying and lower net new business,"" said Mark Read, chief executive at WPP in a statement.

""While we expected the second quarter to be similar to the first quarter, performance in June was worse than anticipated and we expect this pattern of trading in the first half to continue into the second half,” Read added.

It also noted that some losses originally anticipated for 2026 had been pulled forward into this year.

For the first half of 2025, WPP expects like-for-like revenue less pass-through costs to decline by 4.2% to 4.5%, implying a second-quarter drop of 5.5% to 6%.

Total revenue less pass-through costs is projected to be about £5 billion. Headline operating profit is estimated between £400 million and £425 million, equating to a margin of 8% to 8.5%, down 280 to 330 basis points year-on-year, excluding currency effects.

Performance weakened in North America during the quarter, with the region expected to be down in the low single digits for the first half. Other regions also remained weak despite an easier comparison base.

The Global Integrated Agencies segment declined in the mid-single digits, with WPP Media and Ogilvy both impacted by reduced client spending and net new business.

WPP said severance actions taken in the second quarter at WPP Media are expected to generate more than £150 million in annualized gross cost savings.

The company said these actions will have a broadly neutral effect on full-year earnings.

Keeping its full-year margin will require further cost reductions balanced with continuing business investment, the company acknowledged. The company expects its margins to improve in the second half due to cost actions.",https://www.investing.com/news/stock-market-news/wpp-lowers-2025-outlook-after-june-weakness-hits-firsthalf-performance-4127545
2025-07-09,02:49,Australia’s Telstra to axe 550 roles in enterprise business overhaul By Reuters,"(Reuters) -Telstra Group, Australia’s top telecom operator, said on Wednesday that it plans to lay off 550 employees as part of an ongoing overhaul of its enterprise business and structural changes across other parts of the organisation.

The 550 affected roles represent less than 2% of Telstra (OTC: )’s total full-time workforce of 31,876, as of the end of last year.

The decision follows Telstra’s move to terminate around 1,900 employees last year as part of a broader overhaul of its enterprise business and cost-cutting measures in its network applications and services business.

""These changes are largely driven by the ongoing reset of our Telstra Enterprise business, as well as improvements to the structure and processes of other teams across our organisation,"" Telstra spokesperson told Reuters in an email.

The company clarified that the proposed job cuts are not related to its adoption of artificial intelligence.",https://www.investing.com/news/stock-market-news/australias-telstra-to-axe-550-roles-in-enterprise-business-overhaul-4127544
2025-07-09,02:43,"Thai Airways could firm up Boeing order as part of tariff talks, CEO says By Reuters","SINGAPORE (Reuters) -Thai Airways International could exercise an existing option to buy more planes from U.S. planemaker Boeing (NYSE: ) as part of Thailand’s tariff negotiations with the United States, CEO Chai Eamsiri told a Reuters NEXT Asia summit on Wednesday.

The flag carrier in February last year said it had ordered 45 Boeing 787-9 wide-body jets with options for a further 35.

Thailand has submitted a new trade proposal to the United States in a bid to avoid steep tariff hikes on its own products.

Thai Finance Minister Pichai Chunhavajira said on Sunday the country could purchase more Boeing aircraft as part of its trade talks with Washington, in an interview with Bloomberg News.

Eamsiri confirmed the finance minister was referring to Thai Airways’ option to buy 35 more 787s.

In June, Thai Airways exited its debt restructuring programme and said it expects to resume trading its shares on the stock market by early August.

Thailand’s national airline began a bankruptcy-protected restructuring of debt worth 400 billion baht ($11.17 billion) in 2021, reducing its workforce by half and trimming its fleet.

Eamsiri said the airline is operating with around 75% of the seat capacity it had before the pandemic, but its revenue has surpassed pre-COVID levels.

""Our efficiency is better than in the past,"" he told the panel.

Eamsiri said the airline has no plans to resume direct flights to the United States, despite the U.S. upgrading Thailand’s air safety rating this year to permit direct flights.

Eamsiri said the airline’s current fleet could not operate such long-distance flights efficiently, and also noted that the U.S. market was a ""big risk"" in the current context of tariff negotiations.

Thai Airways stopped flying to the United States in 2015, the same year as the U.S. Federal Aviation Administration downgraded Thailand’s air safety rating to ""Category 2"", preventing Thai airlines from launching or expanding services to the United States.

To view the live broadcast of the World Stage go to the Reuters LIVE page: https://www.reuters.com/world/reuters-next-asia-live-global-leaders-address-challenges-opportunities-2025-07-07/",https://www.investing.com/news/stock-market-news/thai-airways-has-no-plans-to-resume-direct-us-flights-ceo-says-4127542
2025-07-09,02:34,Italy’s UniCredit awaits ruling on Banco BPM deal after lifting Commerzbank voting stake By Reuters,"By Valentina Za

MILAN (Reuters) -An appeal by UniCredit against Italian government conditions hampering its $17 billion bid for Banco BPM will be heard by a court on Wednesday, a day after it lifted its voting stake in another target - Germany’s Commerzbank (ETR: ).

The acquisition-hungry lender has asked the court to annul the government’s decision, after saying that terms Rome set in April for the deal’s approval make it detrimental to the bank to comply.

The decision is not expected to be made public before Thursday at the earliest.

Meanwhile, UniCredit said late on Tuesday it had doubled its equity and voting stake in Commerzbank to around 20% by converting derivative contracts worth around 10% of the bank’s capital. It also plans to convert a remaining 9% it holds in derivatives in due time.

CEO Andrea Orcel, whose acquisition plans have sparked angry reactions both in Rome and Berlin, has sought meetings with the new German government to discuss a possible combination of Commerzbank with UniCredit’s German unit HVB.

Italian laws give Rome special powers to block, or set terms for deals affecting strategic assets on national security grounds. But in Germany, the government has no effective legal tools to block UniCredit’s expansion plans.

It has voiced, however, strong opposition and UniCredit has said it wants support for its acquisition plans.

Orcel could also receive support from European Union authorities which are expected to challenge Italy’s interference in banking deals.

After years of record profits fuelled by high interest rates, Italy’s banking sector has seen much consolidation, with almost a dozen takeover bids currently unfolding or recently concluded.

UniCredit’s bid for Banco BPM, which the Treasury had hoped to combine with state-backed Monte dei Paschi di Siena, is the only offer where conditions have been imposed.

Orcel’s other M&A moves include a doubling of UniCredit’s stake in Greece’s Alpha Bank (AT: ) in May. He also built a stake in Italian insurer Generali (BIT: ), but he has said he will gradually sell it.",https://www.investing.com/news/stock-market-news/italys-unicredit-awaits-ruling-on-banco-bpm-deal-after-lifting-commerzbank-voting-stake-4127540
2025-07-09,02:30,Australia stocks lower at close of trade; S&P,"Investing.com – Australia stocks were lower after the close on Wednesday, as losses in the , and sectors led shares lower.

At the close in Sydney, the declined 0.61%.

The best performers of the session on the were Skycity Entertainment Group Ltd (ASX: ), which rose 6.94% or 0.06 points to trade at 0.93 at the close. Meanwhile, Idp Education Ltd (ASX: ) added 3.83% or 0.15 points to end at 4.07 and Pilbara Minerals Ltd (ASX: ) was up 1.69% or 0.03 points to 1.51 in late trade.

The worst performers of the session were Evolution Mining Ltd (ASX: ), which fell 7.02% or 0.55 points to trade at 7.29 at the close. Resolute Mining Ltd (ASX: ) declined 6.57% or 0.05 points to end at 0.64 and Regis Resources Ltd (ASX: ) was down 5.70% or 0.26 points to 4.30.

Falling stocks outnumbered advancing ones on the Sydney Stock Exchange by 586 to 477 and 440 ended unchanged.

The , which measures the implied volatility of S&P/ASX 200 options, was down 0.81% to 11.14.

Gold Futures for August delivery was down 0.67% or 22.15 to $3,294.75 a troy ounce. Elsewhere in commodities trading, Crude oil for delivery in August fell 0.28% or 0.19 to hit $68.14 a barrel, while the September Brent oil contract fell 0.26% or 0.18 to trade at $69.97 a barrel.

AUD/USD was unchanged 0.08% to 0.65, while AUD/JPY rose 0.25% to 95.96.

The US Dollar Index Futures was up 0.09% at 97.26.",https://www.investing.com/news/stock-market-news/australia-stocks-lower-at-close-of-trade-spasx-200-down-061-4127538
2025-07-09,02:30,EU nears trade deal with Trump that would set tariffs at 10%,"Risk Disclosure: Trading in financial instruments and/or cryptocurrencies involves high risks including the risk of losing some, or all, of your investment amount, and may not be suitable for all investors. Prices of cryptocurrencies are extremely volatile and may be affected by external factors such as financial, regulatory or political events. Trading on margin increases the financial risks.

Before deciding to trade in financial instrument or cryptocurrencies you should be fully informed of the risks and costs associated with trading the financial markets, carefully consider your investment objectives, level of experience, and risk appetite, and seek professional advice where needed.

Fusion Media would like to remind you that the data contained in this website is not necessarily real-time nor accurate. The data and prices on the website are not necessarily provided by any market or exchange, but may be provided by market makers, and so prices may not be accurate and may differ from the actual price at any given market, meaning prices are indicative and not appropriate for trading purposes. Fusion Media and any provider of the data contained in this website will not accept liability for any loss or damage as a result of your trading, or your reliance on the information contained within this website.

It is prohibited to use, store, reproduce, display, modify, transmit or distribute the data contained in this website without the explicit prior written permission of Fusion Media and/or the data provider. All intellectual property rights are reserved by the providers and/or the exchange providing the data contained in this website.

Fusion Media may be compensated by the advertisers that appear on the website, based on your interaction with the advertisements or advertisers.",https://www.investing.com/news/stock-market-news/eu-nears-trade-deal-with-trump-that-would-set-tariffs-at-10--report-93CH-4127532
2025-07-09,02:29,RBC revises U.K. housebuilder ratings on site data and valuation adjustments By Investing.com,"Investing.com -- RBC Capital Markets has updated its ratings and price targets for several U.K. housebuilders, citing revised RBC Elements home-fi data and changes to valuation assumptions.

Taylor Wimpey (LON: ) was downgraded, while Berkeley Group (OTC: ) and Persimmon (LON: ) received upgrades based on divergent fundamentals and market positioning.

Taylor Wimpey was downgraded to “sector perform” from “outperform,” with its price target cut from 150p to 135p.

RBC’s proprietary home-fi data revealed a persistent decline in site numbers and stock levels, prompting downward revisions to site count estimates - FY2026 was lowered from 245 to 235, FY2027 from 265 to 245, and FY2028 from 280 to 270.

The valuation multiple was adjusted from 1.30x to 1.10x to reflect slower expected growth.

While RBC acknowledged Taylor Wimpey’s land bank and infrastructure as long-term strengths capable of supporting higher volumes and margins, near-term challenges such as planning delays were flagged as headwinds.

In contrast, Berkeley Group was upgraded to “outperform” from “underperform,” with its price target raised to 4,900p from 4,550p.

The upgrade followed a period of share price weakness and reflected RBC’s confidence in Berkeley’s ability to sustain premium valuations in softer markets.

The P/B multiple was raised from 1.4x to 1.5x. RBC highlighted the company’s focus on large, long-duration sites, which enhance earnings visibility, and its distinctive model that emphasizes upfront deposits of 10% or more and avoids bulk sales.

Berkeley’s strategy to grow its own build-to-rent platform was also cited as a strength.

Profit before tax guidance of £450 million for FY2026 remains unchanged, with similar expectations for FY2027. Shares were trading at 3,622p.

Persimmon was upgraded to “sector perform” from “underperform,” with a price target increase to 1,375p from 1,325p.

RBC Elements data showed progress in opening new sites and maintaining healthy stock levels.

The P/B multiple was adjusted slightly from 1.20x to 1.25x. RBC underscored the importance of site count for volume growth, noting Persimmon’s long-term average private sales rate of 0.65 homes per site per week, a level historically supporting 20% operating margins.

Although margin growth may remain constrained by previously acquired land during flat pricing periods, the company’s operational momentum is viewed positively.

Persimmon shares were trading at 1,208p, on a CY2025e P/B of 1.12x and a dividend yield of 5%, both above sector norms.",https://www.investing.com/news/stock-market-news/rbc-revises-uk-housebuilder-ratings-on-site-data-and-valuation-adjustments-4127531
2025-07-09,02:26,Starbucks China business reportedly attracts stake sale offers valuing up to $10 billion By Investing.com,"Investing.com -- Starbucks’ (NASDAQ: ) China business has received offers for a potential stake sale that values the coffee chain at up to $10 billion, CNBC reported on Wednesday.

According to people familiar with the matter, several investment firms are competing to acquire a stake in Starbucks’ operations in China.

The interested parties include Centurium Capital, Hillhouse Capital, and U.S. private equity firms Carlyle Group (NASDAQ: ) and KKR & Co (NYSE: ).

China represents one of Starbucks’ largest international markets, where the company has established a significant presence over the years.

This article was generated with the support of AI and reviewed by an editor. For more information see our T&C.",https://www.investing.com/news/stock-market-news/starbucks-china-business-reportedly-attracts-stake-sale-offers-valuing-up-to-10-billion-93CH-4127529
2025-07-09,02:23,"Starbucks China attracts bids at up to $10 billion valuation, CNBC reports By Reuters","(Reuters) -Starbucks’ China business has attracted offers for a potential stake sale, valuing the coffee chain unit at up to $10 billion, CNBC reported on Wednesday, citing people familiar with the matter.

Asia-based private equity firms Centurium Capital and Hillhouse Capital as well as U.S. peers Carlyle Group (NASDAQ: ) and KKR & Co (NYSE: ) are among the contenders vying for a stake in Starbucks (NASDAQ: )’ China business, the report added.

There is a possibility of Starbucks retaining a 30% stake, with the rest split among a group of buyers, each holding less than 30%, the CNBC report said.

Starbucks, Centurium, Hillhouse, Carlyle and KKR did not immediately respond to Reuters requests for comment.

Reuters could not immediately verify the report.

Starbucks said last month that it is not currently considering a full sale of its China operations, after the coffee maker kicked off a formal sale process of its China operations in May.

Almost 30 domestic and foreign private equity firms in China have submitted non-binding offers and Starbucks is in the process of evaluating the offers, deal structure proposals and value creation pitches from the bidders, the report said.

The bidders could be shortlisted within two months, but the entire deal is unlikely to be completed by the end of this year, CNBC said.",https://www.investing.com/news/stock-market-news/starbucks-china-attracts-bids-at-up-to-10-billion-valuation-cnbc-reports-4127528
2025-07-09,02:11,Renault to name interim CEO next week amid search for de Meo replacement By Investing.com,"Risk Disclosure: Trading in financial instruments and/or cryptocurrencies involves high risks including the risk of losing some, or all, of your investment amount, and may not be suitable for all investors. Prices of cryptocurrencies are extremely volatile and may be affected by external factors such as financial, regulatory or political events. Trading on margin increases the financial risks.

Before deciding to trade in financial instrument or cryptocurrencies you should be fully informed of the risks and costs associated with trading the financial markets, carefully consider your investment objectives, level of experience, and risk appetite, and seek professional advice where needed.

Fusion Media would like to remind you that the data contained in this website is not necessarily real-time nor accurate. The data and prices on the website are not necessarily provided by any market or exchange, but may be provided by market makers, and so prices may not be accurate and may differ from the actual price at any given market, meaning prices are indicative and not appropriate for trading purposes. Fusion Media and any provider of the data contained in this website will not accept liability for any loss or damage as a result of your trading, or your reliance on the information contained within this website.

It is prohibited to use, store, reproduce, display, modify, transmit or distribute the data contained in this website without the explicit prior written permission of Fusion Media and/or the data provider. All intellectual property rights are reserved by the providers and/or the exchange providing the data contained in this website.

Fusion Media may be compensated by the advertisers that appear on the website, based on your interaction with the advertisements or advertisers.",https://www.investing.com/news/stock-market-news/renault-to-name-interim-ceo-next-week-amid-search-for-de-meo-replacement-93CH-4127523
2025-07-09,02:07,How Trump’s trade war is upending the global economy By Reuters,"(Reuters) -U.S. President Donald Trump’s tariff decisions since he took office on January 20 have shocked financial markets and sent a wave of uncertainty through the global economy.

Here is a timeline of the major developments:

February 1 - Trump imposes 25% tariffs on Mexican and most Canadian imports and 10% on goods from China, demanding they curb the flow of fentanyl and illegal immigrants into the United States.

February 3 - Trump suspends his threat of tariffs on Mexico and Canada, agreeing to a 30-day pause in return for concessions on border and crime enforcement. The U.S. does not reach such a deal with China.

February 7 - Trump delays tariffs on de minimis, or low-cost, packages from China until the Commerce Department can confirm that procedures and systems are in place to process them and collect tariff revenue.

February 10 - Trump raises tariffs on steel and aluminum to a flat 25% ""without exceptions or exemptions"".

March 3 - Trump says 25% tariffs on goods from Mexico and Canada will take effect from March 4 and doubles fentanyl-related tariffs on all Chinese imports to 20%.

March 5 - He agrees to delay tariffs for one month on some vehicles built in Canada and Mexico after a call with the CEOs of General Motors (NYSE: ) and Ford and the chair of Stellantis (NYSE: ).

March 6 - Trump exempts goods from Canada and Mexico under a North American trade pact for a month from the 25% tariffs.

March 26 - Trump unveils a 25% tariff on imported cars and light trucks.

April 2 - He announces global tariffs with a baseline of 10% across all imports and significantly higher duties on some of the United States’ biggest trading partners.

April 9 - Trump pauses for 90 days most of his country-specific tariffs that kicked in less than 24 hours earlier following an upheaval in financial markets that erased trillions of dollars from bourses around the world.

The 10% blanket duty on almost all U.S. imports stays in place.

Trump says he will raise the tariff on Chinese imports to 125% from the 104% level that took effect a day earlier. This pushes the extra duties on Chinese goods to 145%, including the fentanyl-related tariffs imposed earlier.

April 13 - The U.S. administration grants exclusions from steep tariffs on smartphones, computers and some other electronics imported largely from China.

April 22 - The Trump administration launches national security probes under Section 232 of the Trade Act of 1962 into imports of both pharmaceuticals and semiconductors as part of a bid to impose tariffs on both sectors.

May 4 - Trump imposes a 100% tariff on all movies produced outside the U.S.

May 9 - Trump and British Prime Minister Keir Starmer announce a limited bilateral trade agreement that leaves in place 10% tariffs on British exports, modestly expands agricultural access for both countries and lowers prohibitive U.S. duties on British car exports.

May 12 - The U.S. and China agree to temporarily slash reciprocal tariffs. Under the 90-day truce, the U.S. will cut the extra tariffs it imposed on Chinese imports to 30% from 145%, while China’s duties on U.S. imports will be slashed to 10% from 125%.

May 13 - The U.S. cuts the low value ""de minimis"" tariff on China shipments, reducing duties for items valued at up to $800 to 54% from 120%.

May 23 - Trump says he is recommending a straight 50% tariff on goods from the European Union starting on June 1.

He also warns Apple (NASDAQ: ) it would face 25% tariff if phones it sold in the U.S. were manufactured outside of the country.

May 25 - Trump backpedals on his threat to slap 50% tariffs on EU imports, agreeing to extend the deadline for talks until July 9.

May 28 - A U.S. trade court blocks Trump’s tariffs from going into effect in a sweeping ruling that the president overstepped his authority by imposing across-the-board duties on imports from U.S. trade partners.

The Trump administration says it will appeal the ruling.

May 29 - A federal appeals court temporarily reinstates the most sweeping of Trump’s tariffs, pausing the lower court’s ruling to consider the government’s appeal, and orders the plaintiffs in the cases to respond by June 5 and the administration by June 9.

June 3 - Trump signs an executive proclamation activating a hike in the tariffs on imported steel and aluminum to 50% from 25%.

June 12 - Trump warns at the White House event that he may soon hike auto tariffs, arguing that could prod automakers to speed U.S. investments.

July 3 - Trump says the U.S. will place a 20% tariff on many Vietnamese exports, with trans-shipments from third countries through Vietnam facing a 40% levy.

July 6 - He says on Truth Social that countries aligning themselves with the ""Anti-American policies"" of BRICS will be charged an additional 10% tariff.

July 7 - Trump says on Truth Social the additional higher duties announced in earlier months will kick in with delay on August 1, as the U.S. closes on completion of several trade deals.

In letters sent to 14 countries including Japan, South Korea and Serbia, he says he will introduce tariffs between 25% and 40% from August 1.

July 8 - Trump says he will impose a 50% tariff on imported and soon introduce levies on semiconductors and pharmaceuticals.",https://www.investing.com/news/stock-market-news/how-trumps-trade-war-is-upending-the-global-economy-4127521
2025-07-09,02:04,"Copper shipments to US expected to rise ahead of 50% import tariff, Goldman says By Reuters","(Reuters) -Goldman Sachs said on Wednesday that copper shipments into the United States are expected to accelerate in the coming weeks following U.S. President Donald Trump’s announcement of a 50% tariff on imported copper.

Trump said on Tuesday he would announce a 50% tariff on copper, sending U.S. Comex up more than 12% to a record high. [MET/L]

U.S. Commerce Secretary Howard Lutnick said shortly afterwards the copper tariffs would likely be in place by the end of July or August 1.

""We change our baseline to a 50% tariff on U.S. copper imports from 25% previously. We keep our long Dec-25 COMEX-LME arbitrage trade recommendation open,"" the investment bank said in a note.

The bank maintains its December 2025 London Metal Exchange (LME) copper price forecast at $9,700, but now sees reduced risk that the price rises above $10,000 in the third quarter.

The bank expects only modest sequential declines in the LME copper price, as tight conditions persist in markets outside the U.S., and the drawdown in U.S. inventories, along with easing market tightness elsewhere, is expected to unfold gradually from late third quarter 2025 onward.

Meanwhile, Citi also expects the United States to confirm a 50% copper import tariff under Section 232 within weeks, with implementation expected within 30 days.

Benchmark copper on the LME was trading at $9,650 a metric ton by 0623 GMT.",https://www.investing.com/news/stock-market-news/goldman-sachs-raises-baseline-tariff-forecast-on-us-copper-imports-to-50-4127505
2025-07-09,01:33,Asia copper stocks drop after Trump announces 50% import tariff By Investing.com,"Investing.com-- Major copper-producing stocks across Asia fell on Wednesday, following U.S. President Donald Trump’s announcement of an impending 50% tariff on imported copper.

President Trump said on Tuesday he will announce a 50% tariff on copper, hoping to boost U.S. production.

This sent surging as much as 13% on Tuesday, hitting a record of $5.90 per pound. Traders rushed to build inventories ahead of impending import duties. U.S. copper futures extended gains in Asia hours on Wednesday.

""Yet this will be bearish for LME prices, with the wave of copper rushing to the US likely to stop once the tariffs are implemented,"" analysts at ING said in a note.

In contrast, benchmark on the London Metal Exchange fell 1.8% $9,634 a ton, as of 05:23 GMT, and those on the Shanghai Futures Exchange lost roughly 0.5%, reflecting limited time to reroute shipments to the U.S.

Asian copper-linked equities broadly underperformed. India’s Hindalco Industries (NSE: ) shares fell over 1.5%%, while Hindustan Copper (NSE: ) dropped nearly 3%.

In Australia, copper-heavy name BHP Group (ASX: ) fell 0.7%, while Sandfire Resources (ASX: ) shares declined more than 3% amid concerns over export disruption.

Australia’s mining subindex declined 1.5%.

Chinese miners Jiangxi Copper (HK: ) and Zijin Group (HK: ) lost 2.8% and 3.5% respectively.",https://www.investing.com/news/stock-market-news/asia-copper-stocks-drop-after-trump-announces-50-import-tariff-4127490
2025-07-09,01:09,"Merck nears about $10 billion deal for London-based lung therapy firm Verona, FT reports By Reuters","(Reuters) -U.S. drugmaker Merck (NSE: ) is nearing a deal worth about $10 billion to buy Verona Pharma (NASDAQ: ), a company focused on therapies for lung diseases, the Financial Times reported on Wednesday.

Merck will pay $107 per American depository share for Verona, the report said, citing three people familiar with the matter. It would be Merck’s largest takeover since 2023.

Merck and London-based Verona didn’t immediately respond to Reuters requests for comment. Reuters couldn’t immediately verify the report.

The reported purchase price will be at a premium of about 23% to Verona ADS’ last close on the NASDAQ. Verona has a market capitalization of about $7.39 billion, according to LSEG data.

Merck has long leaned on its blockbuster cancer drug Keytruda, which generated nearly $30 billion in sales in 2024, but faces looming patent expiries starting in 2028.

In response, the company has ramped up deal-making to broaden its revenue base.

Verona, which is also listed in Frankfurt, rose into prominence with the approval of its inhalable, non-steroid treatment Ohtuvayre, for patients with chronic obstructive pulmonary disease, a condition that affects nearly 16 million Americans.

Over 96% of Verona’s first quarter revenue of about $76 million came from the Ohtuvayre therapy.

The deal is the largest for Merck since 2023, when it acquired Prometheus Biosciences for $10.8 billion.

Last month, FT reported that U.S. drugmaker held talks to buy Swiss biotech MoonLake Immunotherapeutics for more than $3 billion, while, in March, Merck also signed an up to $2 billion licensing agreement for a heart disease drug with Jiangsu Hengrui Pharmaceuticals.

Merck’s acquisition would fast track the international launch of the drug in countries outside the US, the FT report added.

Shares of Merck, valued at over $204 billion as of Tuesday, are down by over 18% this year, according to LSEG data.",https://www.investing.com/news/stock-market-news/merck-nears-10-billion-deal-for-respiratory-drugmaker-verona-ft-reports-4127475
2025-07-09,00:50,Workers at Glencore’s Australian coal mine go on strike over pay gap issues By Reuters,"(Reuters) -Australia’s and Energy Union (MEU) said on Wednesday workers at Glencore (OTC: )’s underground coal mine in New South Wales began a 24-hour strike action in the afternoon, demanding wage hikes to match pay rates at a neighbouring site.

The union said its members voted for the midweek shifts to halt their operations at the Ulan underground mine for 24 hours, after 16 months of enterprise meetings failed to yield a satisfactory agreement.

Glencore’s refusal to lift pay rates at Ulan Underground to match those at the neighbouring Ulan West mine sparked this wage disparity, the MEU said in its statement.

""We work for the same company, doing the same work just two kilometres down the road. We should be on the same base rate,"" MEU NSW South-West District Vice President said.

Glencore did not immediately respond to a Reuters request for comment.",https://www.investing.com/news/stock-market-news/workers-at-glencores-australian-coal-mine-go-on-strike-over-pay-gap-issues-4127457
2025-07-09,00:42,Apple to bid for Formula 1 rights in US amid success of Brad Pitt film- FT By Investing.com,"Investing.com-- Apple Inc (NASDAQ: ) is in talks to acquire the U.S. rights to broadcast Formula 1 after the success of its movie based on the race car series, the Financial Times reported on Wednesday.

The iPhone maker plans to challenge Disney-ESPN’s current role as the F1 broadcaster in America when the contract becomes available for bidding next year, the FT report said, citing two people familiar with the discussions.

The move comes following the box office success of Apple-produced F1 starring Brad Pitt, the company’s first major theatrical hit since it began producing original content for its Apple TV+ streaming service.

F1 generated just over $300 million at the box office, against a reported budget of between $200 million and $300 million.

Apple’s interest in F1 also comes as the company seeks to gain a greater foothold in the live sports streaming market. The iPhone maker had in 2022 struck a deal with Major League Baseball to broadcast Friday night games, as well as a deal with North America’s Major League Soccer.

F1 is yet to decide on its future broadcasting plans, and ESPN may still retain the rights, the FT report said. ESPN held an exclusive period to negotiate a deal with the car racing series, although that window closed without a deal last year.",https://www.investing.com/news/stock-market-news/apple-to-bid-for-formula-1-rights-in-us-amid-success-of-brad-pitt-film-ft-4127454
2025-07-09,00:22,"Apple eyes US Formula 1 broadcast rights after ’F1: The Movie’ success, FT reports By Reuters","(Reuters) -Apple is in talks to acquire the U.S. broadcast rights to screen Formula 1 when the contract becomes available next year, the Financial Times reported on Wednesday, following the success of Brad Pitt-starrer ""F1: The Movie"".

The report follows the strong box office performance of Apple (NASDAQ: )’s high-octane racing film ""F1: The Movie"", which has grossed $293 million in its first 10 days, according to Variety and other outlets.

The iPhone maker is challenging current U.S. broadcaster ESPN, owned by Disney (NYSE: ), for the Formula 1 rights next year, the FT report said, citing sources familiar with the matter.

Reuters could not immediately confirm the report.

Netflix (NASDAQ: )’s ""Formula 1: Drive to Survive"" series helped boost the sport’s popularity in the United States, a momentum Apple now hopes to capitalize on.

Several media outlets reported in February that Netflix is among the contenders for Formula 1’s U.S. broadcasting rights from the 2026 season as ESPN’s exclusivity period to negotiate a new contract with F1 expired.

Apple and F1 did not immediately respond to Reuters request for a comment.",https://www.investing.com/news/stock-market-news/apple-bids-for-formula-1-rights-in-us-financial-times-reports-4127437
2025-07-09,00:07,"Renault set to name interim CEO next week, FT reports By Reuters","(Reuters) -Renault will name an interim CEO next week as it continues to search for a replacement for Luca de Meo, who is to leave the carmaker to head Gucci owner Kering (EPA: ), the Financial Times reported on Wednesday, citing sources.

The French carmaker has narrowed its shortlist to internal Renault (EPA: ) candidates Denis Le Vot and Francois Provost, as well as former Stellantis (NYSE: ) executive Maxime Picat, the report said.

Reuters could not immediately confirm the FT report. Renault did not immediately respond to a Reuters request for comment.

Reuters reported last week, citing analysts, that Le Vot, who heads Renault’s low-cost Dacia brand, and Picat were seen as suitable fits to continue the French automaker’s turnaround.

Provost is currently the chief procurement, partnerships and public affairs officer at Renault, according to his LinkedIn page.

The company faced a timeline to appoint a permanent chief by July 15, the report added. De Meo’s departure from Renault is also effective that day.",https://www.investing.com/news/stock-market-news/renault-set-to-name-interim-ceo-next-week-ft-reports-4127432
2025-07-08,23:40,South Korea moves to curb unfair stock trading By Reuters,"SEOUL (Reuters) -South Korea’s financial regulators and stock bourse operator have prepared measures to curb unfair trading practices, including illegal short-selling, after President Lee Jae Myung ordered a ""one-strike out"" policy for violators.

A joint task force of the Financial Services Commission (FSC), the Financial Supervisory Service and the Korea Exchange will target stock price manipulation, the FSC said on Wednesday, vowing to recover illicit gains and expel offenders from capital markets in the long run.

""The highest level of fines (100% of short-sale orders) will be imposed on serious violations of short-selling, with business suspension and trading restrictions,"" the FSC said.

In March, the country’s financial regulator said it concluded a probe into short-selling breaches, imposing fines on a total of 13 foreign banks.

Naked short-selling, or selling stocks without borrowing them first or determining if they can be borrowed, is banned under South Korea’s Capital Markets Act.

The Asian nation lifted its ban on short-selling for the first time in five years in March, after preparing a system to better detect illegal trades.

The FSC plans to gradually tighten listing criteria, such as market capitalisation and revenue, for ""the stock market’s growth and credibility"".",https://www.investing.com/news/stock-market-news/south-korea-moves-to-curb-unfair-stock-trading-4127428
2025-07-08,23:34,"Super Micro to ramp up Europe manufacturing amid AI demand, CEO Liang tells CNBC By Investing.com","Investing.com-- Super Micro Computer Inc (NASDAQ: ) plans to increase its investment in Europe and ramp up its manufacturing of artificial intelligence servers in the region, CEO Charles Liang told CNBC in an interview aired on Wednesday.

Liang flagged fast-growing demand in Europe for more AI infrastructure, of which the company’s servers are a key component. Super Micro sells servers packed with Nvidia (NASDAQ: ) chips, which are used to provide computing power for generative AI models.

“Because the demand in Europe is growing very fast, so I already decided, indeed, [there’s] already a plan to invest more in Europe, including manufacturing,” Liang told CNBC.

“The demand is global, and the demand will continue to improve in (the) next many years.”

Super Micro currently has manufacturing facilities in the Netherlands, but could build new units elsewhere in Europe.

Super Micro rode a wave of increasing AI demand over the past two years, amid rapidly growing adoption of gen AI technology. Server infrastructure plays a key role in running AI models.

But the company’s shares hit a snag in 2024 on concerns over its accounting and financial statements, especially after it delayed filing its 2024 financial report.

These fears, however, were assuaged after Super Micro filed its 2024 financial report in February this year.

Super Micro shares are trading up about 63% so far in 2025, but are down roughly 60% from an early-2024 record high.",https://www.investing.com/news/stock-market-news/super-micro-to-ramp-up-europe-manufacturing-amid-ai-demand-ceo-liang-tells-cnbc-4127426
2025-07-08,22:58,"Dollar firm, Asian stocks mixed as traders ponder tariff outlook By Reuters","By Kevin Buckland

TOKYO (Reuters) -The U.S. dollar traded close to a 2-1/2-week high versus major peers on Wednesday while copper hit an all-time peak overnight after U.S. President Donald Trump broadened his global trade war by saying he would impose a 50% tariff on the metal.

Trump also said levies on semiconductors and pharmaceuticals were coming soon, weighing on Wall Street on Tuesday, with futures indicating further weakness there on Wednesday.

However, stock markets around the Asia-Pacific were mixed, as investors digested Trump’s latest, shifting trade salvos. Japan and South Korea are among major U.S. trading partners in the region facing an August 1 deadline to reach a trade deal or be subjected to new tariff rates, although Trump has sent mixed signals on how flexible that date is.

On Monday, Trump said it was ""firm, but not 100% firm,"" reinforcing the view among some in markets that the deadlines are a negotiating tactic that the U.S. president will ultimately back away from. On Tuesday though, Trump appeared to harden his stance by saying, ""no extensions will be granted.""

added 0.3% and South Korea’s climbed 0.5%. Mainland Chinese blue chips rose 0.3%.

At the same time, Australia’s stock index declined 0.5%, and Hong Kong’s lost 0.7%.

Pan-European STOXX 50 futures advanced 0.3%.

U.S. eased 0.1%, following a 0.1% loss for the cash index on Tuesday that extended the 0.8% drop that started the week.

""The delay in the imposition of new tariffs on some of the U.S.’s major trading partners to August 1 has simultaneously kicked the proverbial can down the road and supported the notion that the loftier tariff rates are a negotiating ploy,"" Kyle Rodda, senior financial markets analyst at Capital.com, wrote in a note.

""As a result, the markets have been left hanging, and waiting for a stronger catalyst to drive the next move.""

Trump said on Tuesday that trade talks have been going well with the European Union and China, though he added he is only days away from sending a tariff letter to the EU.

Only two U.S. agreements, with Britain and Vietnam, have been reached since Trump’s April 2 ""Liberation Day"" reciprocal tariffs announcement roiled markets. In June, Washington and China agreed on a framework covering tariff rates.

METALS, CURRENCIES

U.S. jumped by more than 10% to a record high after Trump threatened new duties on the metal that is critical to electric vehicles, military hardware, the power grid and many consumer goods. They would join duties already in place for steel, aluminium and automobile imports.

By contrast, copper futures in London and Shanghai fell on Wednesday, as traders may not have sufficient time to ship much to the United States following Trump’s sudden announcement.

Trump also threatened 200% tariffs on drug imports, which he said could be delayed by about a year.

The U.S. dollar continued its recent run of strength on Wednesday, pushing to the highest since June 20 at 147.19 Japanese yen.

The , which measures the currency against the yen and five other major rivals, edged up to 97.602, after touching the highest since June 25 on Tuesday of 97.837.

The euro eased slightly to $1.1715, and sterling was steady at $1.3591.

Gold lost another 0.3%, slipping to $3,292 per ounce, after slumping more than 1% on Tuesday.

Oil prices edged back from Tuesday’s two-week highs. futures were down 22 cents at $69.93 a barrel, and U.S. West Texas Intermediate crude fell 23 cents to $68.10 a barrel.",https://www.investing.com/news/stock-market-news/dollar-firm-asian-stocks-mixed-as-traders-ponder-tariff-outlook-4127421
2025-07-08,22:53,REUTERS NEXT-Google AI spending primarily on technical infrastructure By Reuters,"SINGAPORE (Reuters) -Google’s AI investments are primarily in technical infrastructure, Google APAC head of AI and emerging tech policy Eunice Huang said on Wednesday.

""As our CEO has said, in these early days of a very transformative technology, the risks of under investing are dramatically higher than the risks of over investing,"" Huang said, during a panel discussion at the Reuters NEXT Asia summit in Singapore.

In April, Alphabet (NASDAQ: ), Google’s parent company, said it was still committed to spending some $75 billion this year to build out data centre capacity despite turmoil over U.S. tariffs and sought to reassure investors that its AI plans were yielding good returns.

To view the live broadcast of the World Stage go to the Reuters LIVE page: https://www.reuters.com/world/reuters-next-asia-live-global-leaders-address-challenges-opportunities-2025-07-07/",https://www.investing.com/news/stock-market-news/reuters-nextgoogle-ai-spending-primarily-on-technical-infrastructure-4127420
2025-07-08,22:47,"Asia stocks dither amid Trump tariff fears, mixed China inflation By Investing.com","Investing.com-- Most Asian stocks moved in a flat-to-low range on Wednesday as investors remained uncertain over the full scope of U.S. President Donald Trump’s trade tariffs, while mixed inflation data from China also weighed.

Asian markets took a weak lead-in from Wall Street, which logged a muted overnight session as Trump threatened more trade tariffs, this time on and pharmaceutical imports. Trump’s threat came after he began issuing letters to major economies outlining U.S. tariffs on their imports.

were flat in Asian trade.

Regional markets were also caught off guard by the Reserve Bank of Australia not cutting rates as expected on Tuesday, with Australian stocks extending their losses.

China shares muted, HK dips after middling inflation data

China’s and indexes rose about 0.2% apiece, while Hong Kong’s index sank about 0.9%.

Government data released on Wednesday showed Chinese inflation improved marginally in June, beating expectations but still remaining relatively subdued.

While consumer inflation did take some support from government subsidies and e-commerce shopping events in June, Capital Economics analysts expect this boost to fade out in the coming months.

inflation shrank more than expected and marked a 33rd consecutive month of contraction. The print was also at its lowest level since July 2023.

Wednesday’s inflation data showed China’s deflationary trend still remained largely in play, despite efforts by Beijing to shore up local spending. Local producers are also grappling with sluggish overseas demand, amid relatively high U.S. tariffs on the country.

China on Tuesday warned that U.S. against reigniting a trade war between the two countries, especially as Trump harshened his tariff rhetoric this week.

Asia stocks rangebound as Trump tariff jitters persist

Broader Asian markets moved in a tight range on Wednesday, as traders sought more clarity on Trump’s tariff plans. The president on Monday released letters outlining steep tariffs against several Asian economies, although he also postponed the effective date of his tariffs to August 1 from July 9.

This spurred some hopes that trade deals with Washington could be reached, although the outlook still remained unclear.

South Korea’s rose 0.2% and Japan’s rose 0.3% on Wednesday, while the traded flat.

Australia’s fell 0.3% as Trump’s copper tariff threat pressured local mining stocks. Australian shares were also rattled by the RBA unexpectedly on Tuesday, against broad market expectations for a 25 basis point cut.

Singapore’s index rose 0.2%, while for India’s index pointed to a flat open. India was not named in Trump’s first batch of tariff letters, spurring some hopes that a Washington-New Delhi trade deal was near.",https://www.investing.com/news/stock-market-news/asia-stocks-dither-amid-trump-tariff-fears-mixed-china-inflation-4127419
2025-07-08,22:27,Qantas confirms personal data of over a million customers leaked in breach By Reuters,"(Reuters) - Australia’s Qantas Airways said on Wednesday more than a million customers had their phone number, birth date or home address accessed in one of the country’s biggest cyber breaches in years.

The airline operator said that another four million customers had just their name and email address taken during the hack.

After disclosing a cyberattack last week, Qantas said on Wednesday that the breached database contained unique personal information of 5.7 million customers, after removing duplicate records from the initial 6 million affected.

There is no evidence that any personal data of the customers has been released and the company is actively monitoring the situation, Qantas said in a statement.

""Since the incident, we have put in place a number of additional cyber security measures to further protect our customers’ data, and are continuing to review what happened,"" Qantas Group CEO Vanessa Hudson (NYSE: ) said.

The breach represents Australia’s most high-profile cyber attack since telecommunications giant Optus and health insurer Medibank were hit in 2022, incidents that prompted mandatory cyber resilience laws.",https://www.investing.com/news/stock-market-news/qantas-confirms-over-a-million-customers-personal-information-leaked-4127415
2025-07-08,21:12,"Asia stocks set for strong H2 2025, Bernstein says; Bullish on India, S.Korea By Investing.com","Investing.com-- Bernstein analysts said they were bullish on Asian markets in the second half of 2025, with increased foreign capital inflows, improved earnings, and a more accommodative policy environment to drive gains.

The brokerage said it was bullish on South Korea and India, and was neutral on China.

Bernstein noted that Asia ex-Japan had outpaced U.S. stocks in the first half of 2025, and were likely to do so in the remainder of the year.

South Korea had given the best returns so far in the year, with the benchmark trading up over 30%.

Bernstein recommended “doubling down on Korea,” citing still attractive valuations and expectations of an upgrade cycle. Foreign investor inflows are also expected to remain strong despite rising sharply in May and June.

South Korean stocks were on a tear through June after the liberal party won the 2025 presidential election, bringing an end to heightened political turmoil in the country after the ouster of disgraced President Yoon Suk Yeol.

Bernstein also noted attractiveness in Indian equities, although warned that the market was looking expensive again as the index approached record highs.

But a continued recovery in earnings, coupled with persistent optimism over India’s outsized economic growth, are expected to continue driving local gains.

Bernstein cautious on China, broader Asia mixed

Bernstein noted that Chinese and Hong Kong equities had remained quite resilient this year despite heightened geopolitical and macroeconomic headwinds.

But a neutral stance on China “still makes sense” amid weak macro trends, a lack of major foreign interest, an ongoing earnings downgrade cycle, and no clear signs of policy support, the brokerage said.

On other markets, Bernstein warned that a sharp rally in Taiwanese stocks may be overdone, especially as foreign investor flows appeared to be peaking.

Singapore and Hong Kong still remained attractive, although Bernstein regards the two more as value and high-yield trades.

Among underperforming Asian markets, Bernstein said that Indonesia and Malaysia were showing some signs of inflection in valuations and earnings.

While Asian stocks saw some headwinds in the beginning of the year, especially from U.S. President Donald Trump’s trade tariff agenda, they staged a stellar recovery through the second quarter, bring valuations back to near multi-year highs. Thawing trade tensions between the U.S. and China also aided this recovery, although Trump’s full tariff agenda still remains unclear.",https://www.investing.com/news/stock-market-news/asia-stocks-set-for-strong-h2-2025-bernstein-says-bullish-on-india-skorea-4127402
2025-07-08,20:39,Solar stocks slide as Trump signs order to end govt subsidies By Investing.com,"Investing.com-- Solar and alternative energy stocks sank on Tuesday after U.S. President Donald Trump signed an executive order aimed at ending most government support for the sector.

First Solar (NASDAQ: ), Next Era Energy, and Enphase Energy (NASDAQ: ) sank between 3% and 7%, and were also among the worst performers on the for the day. The three steadied in aftermarket trade.

Others, including Sunrun Inc (NASDAQ: ), Clearway Energy Inc (NYSE: ), and Nextracker Inc (NASDAQ: ), fell between 3% and 12%.

Trump signed an order titled “Ending Market Distorting Subsidies for Unreliable, Foreign Controlled Energy Sources,” which will aim to end government subsidies for clean energy, and will also build on the withdrawal of green energy tax credits under the recently passed “Big Beautiful Bill” act.

The order claimed that renewable energy was displacing more reliable domestic energy sources, and was making the U.S. overly dependent on “supply chains controlled by foreign adversaries.”

The order will be executed over the next 45 days. The president has long criticized the push for green energy, and had earlier signed orders aimed at boosting U.S. oil and gas production.",https://www.investing.com/news/stock-market-news/solar-stocks-slide-as-trump-signs-order-to-end-govt-subsidies-4127398
2025-07-08,20:22,Nissan halts US production of Canada-bound vehicles amid tariff standoff – Nikkei By Investing.com,"Investing.com-- Nissan (OTC: ) Motor Co (TYO: ) has suspended production of three vehicle models destined for Canada at its U.S. plants in Tennessee and Mississippi amid uncertainty from ongoing auto tariff negotiations between Washington and Ottawa, reported on Wednesday.

Production of the Pathfinder and Murano SUVs at the Tennessee facility, along with the Frontier pickup truck in Mississippi, has been on hold since May, though the company has not disclosed the number of affected vehicles, according to the report.

The suspension comes amid escalating trade tensions after U.S. President Donald Trump’s administration imposed a 25% tariff on auto imports in April. Canada responded with retaliatory measures.

A day earlier, Kyodo News reported that Nissan Motor is scaling back its production plans for the new Leaf electric vehicle due to a parts shortage caused by China’s restrictions on rare earth exports.",https://www.investing.com/news/stock-market-news/nissan-halts-us-production-of-canadabound-vehicles-amid-tariff-standoff--nikkei-4127396
2025-07-08,20:13,US stock futures tread water as Wall St grapples with Trump tariff caution By Investing.com,"Investing.com-- U.S. stock index futures moved little on Tuesday evening, coming off a muted session on Wall Street as President Donald Trump’s threats of more trade tariffs kept investors largely on edge.

Beyond tariffs, focus this week will be on the minutes of the Federal Reserve’s June meeting, due on Wednesday.

Wall Street is also gearing up for the second-quarter earnings season, which will begin in earnest next week.

were flat at 6,272.25 points, while steadied at 22,905.25 points by 19:30 ET (23:30 GMT). steadied at 44,500.0 points.

Trump threatens more tariffs, trade deal hopes wane

Trump sent letters to several major economies outlining trade tariffs against them, denting market hopes for more trade deals, especially with South Korea and Japan. The president also flagged 50% tariffs on imports and threatened to impose a 200% tariff on pharmaceuticals.

But Trump also postponed the effective date of his tariffs to August 1 from July 9, and signaled some openness to more trade talks.

The president warned that he will release more letters in the coming days imposing tariffs on major U.S. trading partners. Still, Trump’s first volley of letters, released on Monday, did not mention India or the European Union, driving hopes that trade deals with the two were close.

Investors were watching for trade deals with South Korea and Japan, both of which are major exporters to the United States. Trade relations with China are also in focus, after Beijing warned the Trump administration against reigniting a trade war.

Wall Street was spooked by sparring over U.S. trade tariffs, having clocked steep losses on Monday and a rangebound session on Tuesday. The fell 0.1% to 6,225.52 points, while the was flat at 20,418.46 points. The fell 0.4% to 44,240.76 points.

Fed minutes awaited, Trump keeps up rate cut calls

The are due on Wednesday, and are expected to provide more insight into the central bank’s plans for interest rates. Strong labor data released last week largely quashed hopes that the central bank will cut interest rates in the coming months.

Fed officials have cited uncertainty over the inflationary impact of Trump’s tariffs as the biggest hurdle to cutting interest rates. Trump’s tariffs are expected to be borne by local importers, pushing up domestic prices of goods.

Trump on Tuesday kept up his calls for lower interest rates while also attacking Fed Chair Jerome Powell.

The president touted a study by the Council of Economic Advisers which claimed that his tariffs had not pushed up inflation so far.

But the full effects of the tariffs are yet to be seen, given that Trump has consistently postponed imposing the more dire of his proposed duties.",https://www.investing.com/news/stock-market-news/us-stock-futures-tread-water-as-wall-st-grapples-with-trump-tariff-caution-4127393
2025-07-08,20:07,"Nissan has halted production of three models for Canada at two US plants, Nikkei reports By Reuters","TOKYO (Reuters) - Nissan (OTC: ) Motor has suspended production of three vehicle models for Canada at its Tennessee and Mississippi plants amid mutual tariffs imposed by the U.S. and Canada on auto exports, the reported on Wednesday.

The production halt, which began in May, affects the Pathfinder and Murano SUVs made in Tennessee and the Frontier pickup trucks produced in Mississippi, the report said.

Nissan was not immediately able to comment on the report, a spokesperson said.

The Trump administration imposed 25% additional tariffs on auto imports in April, prompting Canada to implement retaliatory tariffs. Mazda Motor (OTC: ) also halted Canada-bound production at its Alabama plant while boosting production for the U.S. market, the company said in May.

While Canada is a relatively small market for Nissan, a suspension of exports would underscore the difficulty facing global automakers from the tariffs. The levies have also added to a deepening crisis at Nissan, which has been badly hit by deteriorating sales and an ageing vehicle lineup.

It reported a $4.5 billion net loss in the financial year that ended in March and has declined to disclose a forecast for the current financial year, when it also faces some 700 billion yen ($4.8 billion) in debt coming due.

Its debt ratings have been cut to ""junk"" by all three major credit-rating firms. Reuters reported last month that the automaker has asked some suppliers to allow it to delay payments to free up short-term funds, in a sign of its scramble to boost cash.

Nissan does not have factories in Canada. In the last financial year it sold around 104,000 vehicles there, less than half of what it sold in Mexico and a little more than 10% of what it sold in the United States. Overall, Canada accounted for just 3% of Nissan’s global sales in the last financial year.

Nissan shares were down 2.8% in afternoon trade in Tokyo, underperforming a 0.24% rise in the benchmark Nikkei index.",https://www.investing.com/news/stock-market-news/nissan-halts-production-of-three-models-for-canada-at-two-us-plants-nikkei-reports-4127392
2025-07-08,19:57,Intel to cut 529 jobs in Oregon as part of broader layoff plan By Investing.com,"Investing.com-- Intel Corporation (NASDAQ: ) said on Tuesday it plans to eliminate 529 jobs at its Oregon facilities, with layoffs beginning around July 15.

The layoffs will affect employees at Intel’s facilities in Aloha and Hillsboro, the company said in a Worker Adjustment Retraining and Notification filing on Monday.

The cuts are part of a broader global restructuring under new CEO Lip‑Bu Tan. The company has not disclosed the total number of layoffs, but a Bloomberg report stated that the cuts could affect over 20% of the workforce.

Intel shares gained over 7% on Tuesday, supported by investor optimism around cost-cutting measures.

""As we announced earlier this year, we are taking steps to become a leaner, faster, and more efficient company,"" an Intel spokesperson said Tuesday.

""Removing organizational complexity and empowering our engineers will enable us to better serve the needs of our customers and strengthen our execution,"" the company said.",https://www.investing.com/news/stock-market-news/intel-to-cut-529-jobs-in-oregon-as-part-of-broader-layoff-plan-4127386
2025-07-08,19:47,"Air India jet’s fuel switches in focus, as crash preliminary report nears By Reuters","By Allison Lampert and David Shepardson

(Reuters) -A preliminary report into the deadly crash of an Air India jetliner in June is expected to be released by Friday, three sources with knowledge of the matter said, with one adding the probe had narrowed its focus to the movement of the plane’s fuel control switches.

The London-bound Boeing 787 Dreamliner, which started losing height after reaching an altitude of 650 feet, crashed moments after takeoff from Ahmedabad, India, killing 241 of the 242 people on board and the rest on the ground.

The investigation into the Air India crash is focusing on the movement of the engine fuel control switches following an analysis of the 787’s flight and voice data recorders, along with a simulation by Boeing (NYSE: ) of the aircraft’s final moments, one of the sources said.

The investigation has not raised any immediate concerns over mechanical failure, the source said, and there has been no bulletin to airlines recommending changes to 787 operations.

Boeing declined to comment.

Aviation industry publication the Air Current first reported the focus on the fuel switches that help power the plane’s two engines.

It was not clear what specific actions involving the fuel switches are being looked at by investigators.

Sources told the Air Current that the available information on the black boxes could not rule in or out improper, inadvertent or intentional actions that preceded or followed the apparent loss of thrust before the aircraft crashed.

U.S. aviation safety expert John Cox said a pilot would not be able to accidentally move the fuel switches that feed the engines. ""You can’t bump them and they move,"" he said.

Cox added that if a switch was shut off, the effect would be almost immediate, cutting off engine power.

Most air crashes are caused by multiple factors. The investigation is focusing at least partly on engine thrust, Reuters reported last month.

While the report from Indian investigators could be made public on Friday, the three sources cautioned to Reuters that plans could change and there was no clarity on how much information would be available in the document, which comes about 30 days after the June 12 tragedy.

The sources spoke on condition of anonymity because they were not authorised to speak to media.

India’s Aircraft Accident Investigation Bureau, which is leading the probe under international rules, did not respond immediately to a request for comment outside normal business hours.

INFORMATION RELEASE

The probe has been dogged by questions over lack of information, after investigators took about two weeks to download flight recorder data after the crash. The Indian government held only one press conference on the incident, and no questions were taken.

However, India reversed course on an earlier decision reported by Reuters to prevent a U.N. aviation investigator from joining the probe, two senior sources said.

A specialist from the U.N.’s International Civil Aviation Organization (ICAO) was granted observer status, following an unusual request by the agency to offer its support.

ICAO declined to comment, adding in a statement that any public discussion of ""cooperative arrangements,"" would require authorisation by the state.

The crash is challenging the Tata Group’s ambitious campaign to restore Air India’s reputation and revamp its fleet, after taking the carrier over from the government in 2022.

India is banking on a boom in aviation to support wider development goals, with New Delhi saying it wants India to be a job-creating global aviation hub along the lines of Dubai, which currently handles much of the country’s international traffic.

A panel of Indian lawmakers will review safety in the country’s civil aviation sector and has invited several industry and government officials to answer questions on Wednesday, with topics set to include the recent plane crash.",https://www.investing.com/news/stock-market-news/preliminary-report-in-air-india-crash-expected-to-be-released-by-friday-sources-say-4127385
2025-07-08,19:37,Which countries restrict Brazilian chicken imports over bird flu? By Reuters,"(Reuters) -An outbreak of bird flu in Brazil, the world’s largest chicken exporter, has prompted countries to implement trade restrictions in an effort to prevent the spread of the virus after Brazil confirmed its first case on a commercial farm in May.

Brazil declared itself free of the virus in commercial flocks after 28 days without any new outbreaks on commercial farms, and hopes importers will soon reverse those bans.

The following is a list from Brazil’s Agriculture Ministry of countries that maintain their bans as of July 8:

SUSPENSIONS TARGETING ALL POULTRY FROM BRAZIL

China, the European Union, Chile, Peru, Albania, Canada, Malaysia, East Timor, North Macedonia and Pakistan.

SUSPENSIONS TARGETING RIO GRANDE DO SUL STATE

Russia, Belarus, Armenia, Kyrgyzstan, Saudi Arabia, Mexico, Kuwait, the United Kingdom, Oman, Angola, Turkey, Bahrain, Namibia, Kazakhstan, South Korea, Tajikistan and Ukraine.

SUSPENSIONS TARGETING THE CITY OF MONTENEGRO

Qatar, Jordan and Japan - the latter which also imposes restrictions on poultry from the cities of Campinapolis and Santo Antonio da Barra.

SUSPENSIONS TARGETING SPECIFIC REGIONS

Hong Kong, Mauritius, New Caledonia, Saint Kitts and Nevis, Suriname and Uzbekistan.",https://www.investing.com/news/stock-market-news/which-countries-restrict-brazilian-chicken-imports-over-bird-flu-4127384
2025-07-08,18:19,"Citigroup to add over 500 jobs in Charlotte, North Carolina governor says By Reuters","(Reuters) -Citigroup plans to create 510 new jobs in Charlotte, Josh Stein, governor of North Carolina said on Tuesday.

The bank will invest $16.1 million in an office facility in Mecklenburg County, expanding its workforce in personal banking, finance and marketing, the governor added.

Bloomberg News was the first to report Citigroup (NYSE: )’s expansion in Charlotte.

Even as digital banking gains prominence, U.S. banks view branch networks as essential tools for fostering and sustaining client relationships.

""Charlotte stood out as a location where we had a unique opportunity to invest by establishing a formal presence,"" said Edward Skyler, Citi’s head of enterprise services & public affairs.

The average salary for the new positions is projected to be $131,832, according to the official release.",https://www.investing.com/news/stock-market-news/citigroup-to-add-over-500-jobs-in-charlotte-north-carolina-governor-says-4127370
2025-07-08,17:43,China’s ambitious AI push faces supply roadblock in Nvidia chip haul,"Investing.com -- Chinese tech firms have laid out plans to install more than 115,000 Nvidia (NASDAQ: ) AI chips in at least three dozen data centers across remote western provinces, including a massive compound in Xinjiang, according to a Bloomberg News analysis. That level of infrastructure, if established, could be sufficient to support advanced artificial intelligence systems on par with foundational models like DeepSeek.

The proposed expansion marks a striking ambition by Beijing to build up domestic computing power, even as restrictions from Washington threaten to stall such aspirations. Amid President Xi Jinping’s calls for breakthroughs in core technologies, AI R&D has emerged as a focal point for civil and military innovation.

Yet the supply chain for this endeavor remains cloaked in uncertainty. The Nvidia chips in question are subject to stringent U.S. export controls, first imposed in 2022, and cannot be legally sold to China without government-issued licenses, which have not been granted to date.

The filings reviewed by Bloomberg omit details on how Chinese companies intend to acquire the restricted chips lawfully. Moreover, both the companies named and government officials in Beijing have declined to explain their sourcing strategies, raising questions about feasibility and compliance.

To assess the plausibility of such a large-scale acquisition, Bloomberg interviewed more than a dozen individuals familiar with U.S. investigations into unauthorized chip exports, as well as sources with insight into the Chinese black market. None had prior knowledge of the plan to concentrate so many high-end chips in a facility in Xinjiang.

All sources confirmed the likely presence of some banned Nvidia semiconductors in China, but uniformly expressed skepticism about the country’s ability to coordinate a covert network capable of delivering such high volumes undetected. The consensus, they said, was that any current underground trade couldn’t sustain an operation of this scale.

Estimates among U.S. investigators and officials vary widely, underscoring the lack of reliable data on exports and ending-use monitoring. While some contacts cited tens of thousands of chips potentially in circulation, with Bloomberg reporting, “Two senior Biden administration officials said they believe there are around 25,000 banned Nvidia chips in China — a number that, one of them added, would not be terribly concerning.”

Even at that level, officials noted that such a volume of high-end chips would be sufficient to operate only a mid-sized data center, far short of the scale outlined in Chinese planning documents. Without a clear pipeline to legally acquire chips at scale, China’s AI goals may remain constrained by the limits of global semiconductor governance.",https://www.investing.com/news/stock-market-news/chinas-ambitious-ai-push-faces-supply-roadblock-in-nvidia-chip-haul--bloomberg-4127359
2025-07-08,17:33,Exclusive-US lawmakers renew concerns about GenScript’s ties to China By Reuters,"By Karen Freifeld

(Reuters) -The U.S. House of Representatives committee on China on Tuesday sent a letter to the directors of the FBI and national intelligence, renewing its concerns about GenScript Biotechnology’s work with U.S. companies, given its ties to China.

In the letter, which was seen by Reuters, committee chair John Moolenaar and ranking member Raja Krishnamoorthi asked for updated intelligence and law enforcement information involving the global biotechnology company and affiliates Bestzyme, Legend and ProBio.

Last year, the lawmakers asked for a similar briefing on whether the Chinese Communist Party had influence over GenScript’s operations and its role in advancing China’s biotech capabilities.

News of the letter sent during the administration of former President Joe Biden last June caused GenScript shares to fall as much as 25% in Hong Kong.

In recent years, U.S. lawmakers have highlighted the threat from companies called Contract Development and Manufacturing Organizations with operations in China. Lawmakers fear the firms, which offer drug development and manufacturing services to pharmaceutical and biotech companies, could steal intellectual property and help advance China’s capabilities, and have sought to push U.S. pharmaceutical and healthcare companies to lessen their reliance on them.

""Since our initial letter, GenScript has undertaken significant new investments,"" the lawmakers said in Tuesday’s letter to FBI director Kash Patel and Director of National Intelligence Tulsi Gabbard. ""Given this and other recent developments, we would benefit from renewing our conversation regarding relevant national security concerns.""

GenScript, founded in New Jersey in 2002 where it has facilities, also operates in Nanjing, China. It provides custom gene synthesis and other services for companies and U.S. government entities. The letter noted that GenScript presented ""potential risks to the intellectual property of U.S. firms,"" suggesting it could steal from U.S. firms.

The company did not immediately respond to a request for comment on the renewed scrutiny. A spokesperson for GenScript told Reuters last year that it does ""not take direction from any government.""

Representatives of Patel and Gabbard did not immediately reply to requests for comment.

GenScript has more than 5,500 employees and 200,000-plus customers across over 100 countries and regions.",https://www.investing.com/news/stock-market-news/exclusiveus-lawmakers-renew-concerns-about-genscripts-ties-to-china-4127352
2025-07-08,17:30,Mexico stocks lower at close of trade; S&P,"Investing.com – Mexico stocks were lower after the close on Tuesday, as losses in the , and sectors led shares lower.

At the close in Mexico, the fell 0.42%.

The best performers of the session on the were Gentera SAB de CV (BMV: ), which rose 2.59% or 1.05 points to trade at 41.66 at the close. Meanwhile, Grupo Carso, S.A.B. De C.V. (BMV: ) added 2.43% or 3.24 points to end at 136.70 and Qualitas Controladora, SAB De CV (BMV: ) was up 1.95% or 3.71 points to 193.60 in late trade.

The worst performers of the session were Controladora Vuela Compania de Aviacion SAB de CV (BMV: ), which fell 6.06% or 0.53 points to trade at 8.21 at the close. Coca-Cola Femsa SAB de CV (BMV: ) declined 4.41% or 8.08 points to end at 175.12 and Grupo Aeroportuario Del Sureste (BMV: ) was down 3.62% or 21.37 points to 568.74.

Rising stocks outnumbered declining ones on the Mexico Stock Exchange by 115 to 106 and 18 ended unchanged.

Gold Futures for August delivery was down 0.95% or 31.80 to $3,311.00 a troy ounce. Elsewhere in commodities trading, Crude oil for delivery in August rose 0.38% or 0.26 to hit $68.19 a barrel, while the September Brent oil contract fell 0.01% or 0.01 to trade at $70.01 a barrel.

USD/MXN was up 0.08% to 18.61, while EUR/MXN rose 0.04% to 21.82.

The US Dollar Index Futures was up 0.01% at 97.16.",https://www.investing.com/news/stock-market-news/mexico-stocks-lower-at-close-of-trade-spbmv-ipc-down-042-4127350
2025-07-08,17:25,Colombia stocks higher at close of trade; COLCAP up 0.21% By Investing.com,"Investing.com – Colombia stocks were higher after the close on Tuesday, as gains in the , and sectors led shares higher.

At the close in Colombia, the added 0.21%.

The best performers of the session on the were Grupo de Inversiones Suramericana SA (BVC: ), which rose 0.78% or 400.00 points to trade at 51,400.00 at the close. Meanwhile, Grupo de Inversiones Suramericana SA Preferred (BVC: ) added 0.67% or 260.00 points to end at 39,000.00 and Grupo Argos SA (BVC: ) was up 0.60% or 140.00 points to 23,640.00 in late trade.

The worst performers of the session were Etb (BVC: ), which fell 3.51% or 2.00 points to trade at 55.00 at the close. Ecopetrol SA (BVC: ) declined 1.91% or 35.00 points to end at 1,800.00 and Grupo Aval Acciones y Valores SA Pref (BVC: ) was down 1.41% or 8.00 points to 560.00.

Falling stocks outnumbered advancing ones on the Colombia Stock Exchange by 0 to 0.

Shares in Grupo de Inversiones Suramericana SA (BVC: ) rose to 3-years highs; gaining 0.78% or 400.00 to 51,400.00. Shares in Grupo Argos SA (BVC: ) rose to 5-year highs; up 0.60% or 140.00 to 23,640.00.

US coffee C for September delivery was up 2.17% or 6.05 to $284.30 . Elsewhere in commodities trading, US cocoa for delivery in September fell 1.05% or 86.00 to hit $8,114.00 , while the August Gold Futures contract fell 0.95% or 31.80 to trade at $3,311.00 a troy ounce.

USD/COP was up 0.04% to 4,052.13, while BRL/COP rose 0.04% to 744.11.

The US Dollar Index Futures was up 0.01% at 97.16.",https://www.investing.com/news/stock-market-news/colombia-stocks-higher-at-close-of-trade-colcap-up-021-4127345
2025-07-08,17:25,Factbox-Retailers’ exposure to tariffs on Asian countries By Reuters,"NEW YORK (Reuters) -U.S. clothing retailers and footwear companies are facing heightened tariff exposure after the White House said it would put levies on more than a dozen nations, including several Asian countries like Vietnam and Indonesia, that supply large volumes of textiles to U.S. companies. Those levies range roughly from 25% to 40%.

Here is a breakdown on the potential tariff exposure for U.S. consumer apparel and footwear companies, based on where their manufacturing operations are located.

RALPH LAUREN:

Ralph Lauren (NYSE: ) produces most of its goods outside the United States, with about 19% from Vietnam and 15% from China, according to an April Raymond James report. The company said in May that supply chain is diversified enough to allow it to deal with supply disruptions.

NIKE:

Nike (NYSE: ) imported about 43% of its goods into the United States, according to Raymond James. Its sports footwear manufacturing is 50% from Vietnam, 27% from Indonesia, and 18% from China, according to Bernstein analysts. Sports apparel production breaks down as follows: 28% from Vietnam, 16% from China, and 15% from Cambodia. The company in June said it would allocate production differently to try to deal with the tariffs.

SKECHERS:

Skechers sources about 40% of its products from both China and Vietnam, according to Raymond James. The company has been redirecting imports away from China and relocating some production.

CAPRI:

Capri’s Michael Kors line is mostly produced in Asia, while Italy is its primary production source for Jimmy Choo. The company has been expanding production in Vietnam, Indonesia, and Cambodia.

TAPESTRY:

Tapestry (NYSE: )’s sources primarily from Vietnam, Cambodia, and the Philippines, which combined represent about 70% of its production, the company noted in its May earnings release.

AMERICAN EAGLE:

American Eagle (NYSE: ) sources primarily in Asia, Raymond James wrote. The company is reducing its sourcing from China in 2025.

ABERCROMBIE & FITCH:

Abercrombie & Fitch’s sourcing was as follows: 35% from Vietnam, 22% from Cambodia, 12% from India, 7% from China, and 25% “other” in fiscal year 2024, according to Raymond James.

LULULEMON:

Lululemon (NASDAQ: ) fabric sourcing is 35% from Taiwan, 28% from China, 11% from South Korea, according to Raymond James analysts. Manufacturing is 40% Vietnam, 17% Cambodia, 11% Sri Lanka, 11% Indonesia, 7% Bangladesh.

PUMA:

Puma (OTC: ) sources 30% of goods from China, 26% from Vietnam, 13% from Cambodia, and 12% from Bangladesh, according to Bernstein analysts.",https://www.investing.com/news/stock-market-news/factboxretailers-exposure-to-tariffs-on-asian-countries-4127348
2025-07-08,17:21,"After-hours movers: Mobileye, RxSight, Cogent Biosciences By Investing.com","Risk Disclosure: Trading in financial instruments and/or cryptocurrencies involves high risks including the risk of losing some, or all, of your investment amount, and may not be suitable for all investors. Prices of cryptocurrencies are extremely volatile and may be affected by external factors such as financial, regulatory or political events. Trading on margin increases the financial risks.

Before deciding to trade in financial instrument or cryptocurrencies you should be fully informed of the risks and costs associated with trading the financial markets, carefully consider your investment objectives, level of experience, and risk appetite, and seek professional advice where needed.

Fusion Media would like to remind you that the data contained in this website is not necessarily real-time nor accurate. The data and prices on the website are not necessarily provided by any market or exchange, but may be provided by market makers, and so prices may not be accurate and may differ from the actual price at any given market, meaning prices are indicative and not appropriate for trading purposes. Fusion Media and any provider of the data contained in this website will not accept liability for any loss or damage as a result of your trading, or your reliance on the information contained within this website.

It is prohibited to use, store, reproduce, display, modify, transmit or distribute the data contained in this website without the explicit prior written permission of Fusion Media and/or the data provider. All intellectual property rights are reserved by the providers and/or the exchange providing the data contained in this website.

Fusion Media may be compensated by the advertisers that appear on the website, based on your interaction with the advertisements or advertisers.",https://www.investing.com/news/stock-market-news/afterhours-movers-mobileye-rxsight-cogent-biosciences-432SI-4127310
2025-07-08,17:20,Russia stocks lower at close of trade; MOEX Russia Index down 0.04% By Investing.com,"Investing.com – Russia stocks were lower after the close on Tuesday, as losses in the , and sectors led shares lower.

At the close in Moscow, the declined 0.04%.

The best performers of the session on the were Rostelekom PJSC (MCX: ), which rose 2.75% or 1.58 points to trade at 59.10 at the close. Meanwhile, AFK Sistema PJSC (MCX: ) added 1.12% or 0.17 points to end at 15.44 and Mobil’nye Telesistemy PJSC (MCX: ) was up 0.93% or 1.80 points to 195.60 in late trade.

The worst performers of the session were TATNEFT n.a. V.D. Shashin (MCX: ), which fell 2.78% or 17.80 points to trade at 621.40 at the close. Rosneft PJSC (MCX: ) declined 2.73% or 11.65 points to end at 414.95 and Novolipetsk Steel (MCX: ) was down 2.62% or 2.92 points to 108.68.

Falling stocks outnumbered advancing ones on the Moscow Stock Exchange by 193 to 45 and 11 ended unchanged.

Shares in Novolipetsk Steel (MCX: ) fell to 52-week lows; falling 2.62% or 2.92 to 108.68.

The , which measures the implied volatility of MOEX Russia Index options, was down 0.30% to 29.55 a new 6-months low.

Gold Futures for August delivery was down 0.95% or 31.80 to $3,311.00 a troy ounce. Elsewhere in commodities trading, Crude oil for delivery in August rose 0.38% or 0.26 to hit $68.19 a barrel, while the September Brent oil contract fell 0.01% or 0.01 to trade at $70.01 a barrel.

USD/RUB was unchanged 0.00% to 78.50, while EUR/RUB unchanged 0.00% to 92.06.

The US Dollar Index Futures was up 0.01% at 97.16.",https://www.investing.com/news/stock-market-news/russia-stocks-lower-at-close-of-trade-moex-russia-index-down-004-4127343
2025-07-08,17:18,AAR Mobility Systems secures $85 million defense contract By Investing.com,"Investing.com -- AAR (NYSE: ) Mobility Systems has been awarded an $85 million contract from the U.S. Department of Defense for specialized shipping and storage containers, shelters, and accessories.

The firm-fixed-price contract includes economic-price-adjustment provisions and is structured as an indefinite-delivery/indefinite-quantity requirements agreement, according to a DoD announcement.

The Cadillac, Michigan-based company secured the deal through a sole-source acquisition, justified under 10 U.S. Code 3204 (a)(1) and Federal Acquisition Regulation 6.302-1.

The contract features a one-year base period with four one-year option periods. The initial ordering period will end on July 7, 2026.

Multiple military branches will utilize the equipment, including the Army, Navy, Air Force, and Marine Corps, along with federal civilian agencies. The contract will be funded through fiscal 2025 and 2026 defense working capital funds.

The Defense Logistics Agency Troop Support in Philadelphia, Pennsylvania, is serving as the contracting activity for the agreement, designated as SPE8ED-25-D-0003.

This article was generated with the support of AI and reviewed by an editor. For more information see our T&C.",https://www.investing.com/news/stock-market-news/aar-mobility-systems-secures-85-million-defense-contract-93CH-4127338
2025-07-08,17:18,Leonardo DRS secures $18.8 million contract for cargo loader support By Investing.com,"Investing.com -- Leonardo DRS has been awarded a fixed-price incentive contract worth $18,775,917 by the U.S. Department of Defense for logistics support of the Tunner Aircraft Cargo Loader.

The contract, announced as a sole-source bridge acquisition, requires the Bridgeton, Missouri-based company to provide material management infrastructure, parts, and program engineering support for the cargo loading system.

Work under the contract will be performed at the company’s Bridgeton facility and is scheduled to be completed by November 22, 2025.

The Air Force Life Cycle Management Center at Robins Air Force Base in Georgia is serving as the contracting activity for this project, which was awarded on November 22, 2024.

Funding for the contract will come from fiscal 2025 operations and maintenance funds, which will be obligated at the order level, according to the Department of Defense announcement.

This article was generated with the support of AI and reviewed by an editor. For more information see our T&C.",https://www.investing.com/news/stock-market-news/leonardo-drs-secures-188-million-contract-for-cargo-loader-support-93CH-4127339
2025-07-08,17:18,US ’click to cancel’ rule blocked by appeals court By Reuters,"By Jody Godoy

(Reuters) -A U.S. appeals court blocked a rule that would have required businesses to make it as easy to cancel subscriptions and memberships as it is to sign up, saying the agency that created it did not follow protocol.

The U.S. Federal Trade Commission, which passed the rule under former Democratic Chair Lina Khan, failed to conduct a preliminary analysis of the costs and benefits of the rule, said the 8th U.S. Circuit Court of Appeals in St. Louis. The rule was set to take effect on July 14.

A spokesperson for the FTC declined to comment on Tuesday.

The rule would have required retailers, gyms and other businesses to provide cancellation methods for subscriptions, auto-renewals and free trials that convert to paid memberships that are ""at least as easy to use"" as the sign up process.

It also aimed to keep companies from making consumers who signed up through an app or a website go through a chatbot or agent to cancel.

The U.S. Chamber of Commerce and a trade group representing major cable and internet providers such as Charter Communications (NASDAQ: ), Comcast (NASDAQ: ), and Cox Communications, and media companies like Disney (NYSE: ) Entertainment and Warner Bros. Discovery (NASDAQ: ) are among those suing to block the rule.",https://www.investing.com/news/stock-market-news/us-click-to-cancel-rule-blocked-by-appeals-court-4127341
2025-07-08,16:52,Vertical Aerospace stock falls after announcing $60 million share offering By Investing.com,"Investing.com -- Vertical Aerospace (NYSE: ) stock fell 22% after the electric aviation company announced plans for a $60 million underwritten public offering of ordinary shares.

The global aerospace and technology company, which specializes in pioneering electric aircraft, said the offering includes a 30-day option for underwriters to purchase up to an additional $9 million of ordinary shares. Deutsche Bank Securities and William Blair are serving as joint bookrunners for the proposed offering.

Vertical Aerospace intends to use the proceeds to fund research and development expenses as it continues developing its aircraft. The funds will also support the expansion of testing and certification capacities, along with general working capital and corporate purposes.

The company noted that the offering remains subject to market and other conditions, with no guarantee regarding its completion or final terms.

Vertical Aerospace shares trade on the New York Stock Exchange under the ticker symbol ""EVTL.""

This article was generated with the support of AI and reviewed by an editor. For more information see our T&C.",https://www.investing.com/news/stock-market-news/vertical-aerospace-stock-falls-after-announcing-60-million-share-offering-93CH-4127313
2025-07-08,16:50,Emergent BioSolutions stock rises on government contract modification By Investing.com,"Investing.com -- Emergent BioSolutions Inc (NYSE: ) stock rose 6.3% after the company announced a contract modification to deliver additional doses of its smallpox vaccination complication treatment to the U.S. government.

The company secured the modification from the Administration for Strategic Preparedness and Response (ASPR), part of the U.S. Department of Health and Human Services. Under the agreement, Emergent will provide additional doses of CNJ-016® [Vaccinia Immune Globulin Intravenous (Human)] (VIGIV), which treats complications arising from smallpox vaccination.

This modification exercises an option from ASPR’s existing 10-year contract with Emergent (contract number 75A50119C00037) for the treatment, which is part of the U.S. government’s smallpox preparedness strategy.

""Securing this contract modification for VIGIV treatment underscores Emergent’s ongoing partnership with the U.S. government to support its overall smallpox preparedness strategy,"" said Paul Williams, senior vice president, head of products business, global government & public affairs at Emergent.

The company did not disclose the financial terms of the contract modification in its announcement. Emergent BioSolutions specializes in developing and manufacturing medical countermeasures for public health threats through its North American supply chain.

This article was generated with the support of AI and reviewed by an editor. For more information see our T&C.",https://www.investing.com/news/stock-market-news/emergent-biosolutions-stock-rises-on-government-contract-modification-93CH-4127311
2025-07-08,16:42,Apple names insider Sabih Khan as COO By Reuters,"Risk Disclosure: Trading in financial instruments and/or cryptocurrencies involves high risks including the risk of losing some, or all, of your investment amount, and may not be suitable for all investors. Prices of cryptocurrencies are extremely volatile and may be affected by external factors such as financial, regulatory or political events. Trading on margin increases the financial risks.

Before deciding to trade in financial instrument or cryptocurrencies you should be fully informed of the risks and costs associated with trading the financial markets, carefully consider your investment objectives, level of experience, and risk appetite, and seek professional advice where needed.

Fusion Media would like to remind you that the data contained in this website is not necessarily real-time nor accurate. The data and prices on the website are not necessarily provided by any market or exchange, but may be provided by market makers, and so prices may not be accurate and may differ from the actual price at any given market, meaning prices are indicative and not appropriate for trading purposes. Fusion Media and any provider of the data contained in this website will not accept liability for any loss or damage as a result of your trading, or your reliance on the information contained within this website.

It is prohibited to use, store, reproduce, display, modify, transmit or distribute the data contained in this website without the explicit prior written permission of Fusion Media and/or the data provider. All intellectual property rights are reserved by the providers and/or the exchange providing the data contained in this website.

Fusion Media may be compensated by the advertisers that appear on the website, based on your interaction with the advertisements or advertisers.",https://www.investing.com/news/stock-market-news/apple-names-insider-sabih-khan-as-coo-4127300
2025-07-08,16:40,Cogent Biosciences stock falls on $150 million share offering By Investing.com,"Investing.com -- Cogent Biosciences Inc (NASDAQ: ) stock dropped 5.7% Tuesday after the biotechnology company announced plans to raise $150 million through a public offering of common stock.

The Waltham, Massachusetts-based firm said it would offer $150 million of its common shares and grant underwriters a 30-day option to purchase up to an additional $22.5 million of shares on the same terms.

Cogent plans to use the net proceeds to fund continued development, regulatory and commercial preparation activities for its lead product candidate bezuclastinib, as well as to support its planned commercial launch and general corporate purposes.

The offering is being managed by J.P. Morgan, Leerink Partners, and Guggenheim Securities as joint book-running managers, with LifeSci Capital acting as lead manager.

Cogent Biosciences focuses on developing precision therapies for genetically defined diseases. The company’s stock decline reflects typical market reaction to share offerings, which can dilute existing shareholders’ ownership stakes.

This article was generated with the support of AI and reviewed by an editor. For more information see our T&C.",https://www.investing.com/news/stock-market-news/cogent-biosciences-stock-falls-on-150-million-share-offering-93CH-4127293
2025-07-08,16:39,AES stock surges after report of potential sale amid takeover interest By Investing.com,"Risk Disclosure: Trading in financial instruments and/or cryptocurrencies involves high risks including the risk of losing some, or all, of your investment amount, and may not be suitable for all investors. Prices of cryptocurrencies are extremely volatile and may be affected by external factors such as financial, regulatory or political events. Trading on margin increases the financial risks.

Before deciding to trade in financial instrument or cryptocurrencies you should be fully informed of the risks and costs associated with trading the financial markets, carefully consider your investment objectives, level of experience, and risk appetite, and seek professional advice where needed.

Fusion Media would like to remind you that the data contained in this website is not necessarily real-time nor accurate. The data and prices on the website are not necessarily provided by any market or exchange, but may be provided by market makers, and so prices may not be accurate and may differ from the actual price at any given market, meaning prices are indicative and not appropriate for trading purposes. Fusion Media and any provider of the data contained in this website will not accept liability for any loss or damage as a result of your trading, or your reliance on the information contained within this website.

It is prohibited to use, store, reproduce, display, modify, transmit or distribute the data contained in this website without the explicit prior written permission of Fusion Media and/or the data provider. All intellectual property rights are reserved by the providers and/or the exchange providing the data contained in this website.

Fusion Media may be compensated by the advertisers that appear on the website, based on your interaction with the advertisements or advertisers.",https://www.investing.com/news/stock-market-news/aes-stock-surges-after-report-of-potential-sale-amid-takeover-interest-4127289
2025-07-08,16:30,Canada stocks lower at close of trade; S&P,"Investing.com – Canada stocks were lower after the close on Tuesday, as losses in the , and sectors led shares lower.

At the close in Toronto, the declined 0.43%.

The best performers of the session on the were Baytex Energy Corp (TSX: ), which rose 9.72% or 0.24 points to trade at 2.71 at the close. Meanwhile, Vermilion Energy Inc . (TSX: ) added 4.86% or 0.49 points to end at 10.57 and Ivanhoe Mines Ltd. (TSX: ) was up 4.23% or 0.43 points to 10.59 in late trade.

The worst performers of the session were SSR Mining Inc (TSX: ), which fell 8.70% or 1.60 points to trade at 16.79 at the close. IAMGold Corporation (TSX: ) declined 7.81% or 0.80 points to end at 9.44 and First Majestic Silver Corp. (TSX: ) was down 7.67% or 0.91 points to 10.95.

Rising stocks outnumbered declining ones on the Toronto Stock Exchange by 523 to 399 and 74 ended unchanged.

The , which measures the implied volatility of S&P/TSX Composite options, was down 9.98% to 8.66.

Gold Futures for August delivery was down 0.92% or 30.78 to $3,312.02 a troy ounce. Elsewhere in commodities trading, Crude oil for delivery in August rose 0.53% or 0.36 to hit $68.29 a barrel, while the September Brent oil contract rose 0.75% or 0.52 to trade at $70.10 a barrel.

CAD/USD was unchanged 0.13% to 0.73, while CAD/EUR unchanged 0.03% to 0.62.

The US Dollar Index Futures was unchanged 0.00% at 97.14.",https://www.investing.com/news/stock-market-news/canada-stocks-lower-at-close-of-trade-sptsx-composite-down-043-4127272
2025-07-08,16:30,Brazil stocks lower at close of trade; Bovespa down 0.13% By Investing.com,"Investing.com – Brazil stocks were lower after the close on Tuesday, as losses in the , and sectors led shares lower.

At the close in Sao Paulo, the fell 0.13%.

The best performers of the session on the were Minerva SA/Brazil (BVMF: ), which rose 8.22% or 0.43 points to trade at 5.66 at the close. Meanwhile, Brava Energia SA (BVMF: ) added 3.22% or 0.57 points to end at 18.27 and Prio SA (BVMF: ) was up 3.16% or 1.32 points to 43.08 in late trade.

The worst performers of the session were WEG SA (BVMF: ), which fell 4.06% or 1.72 points to trade at 40.61 at the close. Azzas 2154 SA (BVMF: ) declined 3.92% or 1.58 points to end at 38.70 and Raia Drogasil SA (BVMF: ) was down 3.79% or 0.56 points to 14.20.

Falling stocks outnumbered advancing ones on the B3 Stock Exchange by 512 to 444 and 53 ended unchanged.

Shares in WEG SA (BVMF: ) fell to 52-week lows; down 4.06% or 1.72 to 40.61.

The , which measures the implied volatility of Bovespa options, was up 1.30% to 24.93.

Gold Futures for August delivery was down 0.93% or 31.25 to $3,311.55 a troy ounce. Elsewhere in commodities trading, Crude oil for delivery in August rose 0.44% or 0.30 to hit $68.23 a barrel, while the September US coffee C contract rose 2.17% or 6.05 to trade at $284.30 .

USD/BRL was down 0.76% to 5.45, while EUR/BRL fell 0.57% to 6.39.

The US Dollar Index Futures was unchanged 0.00% at 97.14.",https://www.investing.com/news/stock-market-news/brazil-stocks-lower-at-close-of-trade-bovespa-down-013-4127271
2025-07-08,16:30,U.S. stocks mixed at close of trade; Dow Jones Industrial Average down 0.37% By Investing.com,"Investing.com – U.S. stocks were mixed after the close on Tuesday, as gains in the , and sectors led shares higher while losses in the , and sectors led shares lower.

At the close in NYSE, the lost 0.37%, while the index fell 0.07%, and the index added 0.03%.

The best performers of the session on the were Chevron Corp (NYSE: ), which rose 3.96% or 5.84 points to trade at 153.24 at the close. Meanwhile, Salesforce Inc (NYSE: ) added 1.43% or 3.87 points to end at 273.67 and Amgen Inc (NASDAQ: ) was up 1.41% or 4.12 points to 297.07 in late trade.

The worst performers of the session were Nike Inc (NYSE: ), which fell 3.41% or 2.61 points to trade at 73.92 at the close. JPMorgan Chase & Co (NYSE: ) declined 3.15% or 9.19 points to end at 282.78 and Walmart Inc (NYSE: ) was down 2.27% or 2.26 points to 97.09.

The top performers on the S&P 500 were Moderna Inc (NASDAQ: ) which rose 8.83% to 32.54, Intel Corporation (NASDAQ: ) which was up 7.23% to settle at 23.59 and Albemarle Corp (NYSE: ) which gained 7.21% to close at 70.22.

The worst performers were Fair Isaac Corporation (NYSE: ) which was down 8.91% to 1,703.17 in late trade, First Solar Inc (NASDAQ: ) which lost 6.54% to settle at 165.48 and NRG Energy Inc (NYSE: ) which was down 4.68% to 151.27 at the close.

The top performers on the NASDAQ Composite were ProKidney Corp (NASDAQ: ) which rose 515.00% to 3.73, ENDRA Life Sciences Inc (NASDAQ: ) which was up 137.37% to settle at 8.26 and BTCS Inc (NASDAQ: ) which gained 111.07% to close at 5.91.

The worst performers were Park Ha Biological Technology Co (NASDAQ: ) which was down 92.71% to 2.99 in late trade, Above Food Ingredients Inc (NASDAQ: ) which lost 34.51% to settle at 0.44 and Unity Biotechnology Inc (NASDAQ: ) which was down 33.41% to 0.20 at the close.

Rising stocks outnumbered declining ones on the New York Stock Exchange by 1679 to 1063 and 105 ended unchanged; on the Nasdaq Stock Exchange, 2148 rose and 1173 declined, while 135 ended unchanged.

Shares in ProKidney Corp (NASDAQ: ) rose to 52-week highs; up 515.00% or 3.12 to 3.73. Shares in Park Ha Biological Technology Co (NASDAQ: ) fell to all time lows; falling 92.71% or 38.02 to 2.99. Shares in BTCS Inc (NASDAQ: ) rose to 3-years highs; gaining 111.07% or 3.11 to 5.91. Shares in Unity Biotechnology Inc (NASDAQ: ) fell to all time lows; down 33.41% or 0.10 to 0.20.

The , which measures the implied volatility of S&P 500 options, was down 5.51% to 16.81.

Gold Futures for August delivery was down 0.94% or 31.53 to $3,311.27 a troy ounce. Elsewhere in commodities trading, Crude oil for delivery in August rose 0.50% or 0.34 to hit $68.27 a barrel, while the September Brent oil contract rose 0.70% or 0.49 to trade at $70.07 a barrel.

EUR/USD was unchanged 0.15% to 1.17, while USD/JPY rose 0.34% to 146.55.

The US Dollar Index Futures was up 0.01% at 97.15.",https://www.investing.com/news/stock-market-news/us-stocks-mixed-at-close-of-trade-dow-jones-industrial-average-down-037-4127282
2025-07-08,16:28,RxSight stock plunges after slashing 2025 revenue guidance By Investing.com,"Investing.com -- RxSight (NASDAQ: ) stock plummeted 28% after the ophthalmic medical device company significantly lowered its 2025 revenue guidance following disappointing Light Delivery Device sales.

The company now expects full-year 2025 revenue between $120 million and $130 million, dramatically reduced from its previous forecast of $160 million to $175 million. This revised guidance represents a potential YoY decline of 7% to 14% compared to 2024 performance.

RxSight’s preliminary second quarter revenue fell to approximately $33.6 million, a 4% decrease compared to the same period last year and an 11% drop from the first quarter of 2025. The decline was primarily driven by weak sales of its Light Delivery Devices (LDDs), which fell 49% YoY and 45% sequentially.

While the company sold 27,380 Light Adjustable Lenses during the quarter, representing a 13% increase compared to Q2 2024, it was a 1% decrease from the previous quarter. LDD sales were particularly concerning, with only 40 units sold compared to 78 in the same quarter last year.

""Guided by insights from our second quarter underperformance and building on our long-term vision, we are evolving our commercial approach to re-direct more of our focus toward supporting customer success within new and existing practices,"" said Dr. Ron Kurtz, CEO and President of RxSight.

Despite the revenue challenges, RxSight raised its gross margin guidance to 72-74% from the previous 71-73% and reduced its operating expense forecast to $145-155 million. The company reported preliminary cash, cash equivalents, and short-term investments of $227.5 million as of June 30, 2025.

This article was generated with the support of AI and reviewed by an editor. For more information see our T&C.",https://www.investing.com/news/stock-market-news/rxsight-stock-plunges-after-slashing-2025-revenue-guidance-93CH-4127269
2025-07-08,16:24,Starbucks weighs selling controlling stake in China business,"Investing.com -- Starbucks Corp . (NASDAQ: ) is reviewing proposals from potential investors interested in its China operations, with most seeking a controlling stake, according to Bloomberg.

The coffee giant is currently evaluating these proposals and creating a shortlist of potential investors for the next bidding round. Starbucks plans to share financial and operational information with these selected bidders to help them assess the value of its Chinese assets.

While Starbucks initially preferred to sell only a minority stake to a partner who could help revitalize growth in its Chinese market, the company is now considering selling a larger portion based on valuation and other factors.

Prospective partners, including industry players and private equity firms, submitted non-binding proposals in June. Most are seeking a controlling stake that would give them decision-making authority and better align with their investment strategies.

The review process remains in early stages, and Starbucks has not made final decisions regarding the structure, valuation, or potential bidders. In a statement, the company emphasized that it sees ""significant long-term potential in China.""

This article was generated with the support of AI and reviewed by an editor. For more information see our T&C.",https://www.investing.com/news/stock-market-news/starbucks-weighs-selling-controlling-stake-in-china-business--bloomberg-93CH-4127263
2025-07-08,16:20,"Meta takes around 3% stake in Ray-Ban-parent EssilorLuxottica, source says By Reuters","By Elisa Anzolin and Juby Babu

(Reuters) -Meta Platforms has acquired a nearly 3% stake in eyewear maker EssilorLuxottica, a source told Reuters on Tuesday, amid growing consumer interest in AI-powered wearable devices.

Sprucing up its wearable technology with artificial-intelligence capabilities could help Meta (NASDAQ: ) attract new users as it invests billions of dollars in bolstering its AI infrastructure.

EssilorLuxottica declined to comment, while Meta did not immediately respond when contacted by Reuters.

Meta bought a stake worth around 3 billion euros ($3.52 billion) in EssilorLuxottica at the current market price and is considering further investments that could build its share to around 5% over time, according to Bloomberg News, which reported the development earlier in the day.

The social media giant teamed up with Oakley to release AI-powered smart glasses last month, expanding its push into wearable tech after the success of Ray-Ban Meta glasses, millions of which have been sold since their launch in 2023.

The ""Oakley Meta HSTN"" will feature a hands-free high-resolution camera, open-ear speakers, water resistance and Meta AI capabilities.

EssilorLuxottica planned to boost its production capacity for smart glasses and hopes to expand its collaboration with Meta to other brands, Chief Executive Francesco Milleri had said in February.

($1 = 0.8527 euros)",https://www.investing.com/news/stock-market-news/meta-takes-around-3-stake-in-raybanparent-essilorluxottica-source-says-4127266
2025-07-08,16:03,"US FTC demands better policing of ’Made in USA’ claims, sends warning letters By Reuters","By Jonathan Stempel

(Reuters) -The U.S. Federal Trade Commission on Tuesday called on Amazon.com (NASDAQ: ) and Walmart (NYSE: ) to crack down on third-party sellers that make deceptive ""Made in USA"" claims on the retailing giants’ online marketplaces.

In letters to Amazon and Walmart, the FTC said it had learned of several instances where third-party sellers falsely claimed their products were made in the United States.

The FTC urged both companies to take ""corrective action"" against sellers whose ""Made in USA"" claims violate federal law and Amazon’s and Walmart’s codes of conduct.

Four smaller retailers also received FTC warning letters demanding they cease ""Made in USA"" claims unless they prove ""all or virtually all"" of the products in question are made domestically.

The four retailers are Oak Street Bootmakers in Chicago; Stand Flag Poles in Fort Lauderdale, Florida; football equipment maker Pro Sports Pads in Jacksonville, Florida, and medical products maker USA Big Mountain Paper, also in Jacksonville.

""Consumers want to have confidence that when they buy something labeled ’Made in the USA’ they are actually supporting American workers and the American economy,"" FTC Chairman Andrew Ferguson said in a statement.

Walmart said in a statement it has ""zero tolerance for noncompliant products from third-party sellers,"" and upon identifying those products has them removed.

Amazon did not immediately respond to requests for comment.

Pro Sports Pads CEO Joshua Baker said his company complies with labeling laws, and sent the FTC proof it makes Pro Gear Custom shoulder pads in Jacksonville from domestic materials.

The other companies did not immediately respond to requests for comment.

Many companies have been accused by regulators or in private lawsuits of using imprecise labeling to induce shoppers to pay more, including through appeals to their patriotism.

In 2021, the FTC adopted a ""Made in USA Labeling Rule"" to protect businesses and consumers.

The agency later brought cases against kitchenware and home furnishings retailer Williams-Sonoma (NYSE: ) and Pyrex kitchenware maker Instant Brands, and said it obtained $15.8 million of judgments in 11 ""Made in USA"" enforcement actions between 2021 and 2024.",https://www.investing.com/news/stock-market-news/us-ftc-demands-better-policing-of-made-in-usa-online-sales-claims-4127208
2025-07-08,15:19,Italy’s UniCredit doubles equity stake in Germany’s Commerzbank to 20% By Reuters,"By Valentina Za, Tom Sims and Emma-Victoria Farr

MILAN (Reuters) -UniCredit increased its shareholding in Commerzbank (ETR: ) to 20%, giving the Italian lender a bigger stake in the German competitor as it seeks to win over opposition to a possible takeover of the rival.

UniCredit converted derivatives representing around 10% of Commerzbank to shares, doubling its holding of stock in the German bank, according to a statement on Tuesday. UniCredit also holds derivatives for another 9%.

UniCredit first emerged as the biggest private investor in Commerzbank in September, meeting stark opposition from Germany to full takeover plans.

Commerzbank reacted by saying that UniCredit’s move ""has not been coordinated with Commerzbank"" and that its results show ""our business model of independence is working"".

Defying Berlin, UniCredit increased its position in December by buying derivative contracts. It secured European Central Bank clearance earlier this year to get to a 29.9% holding.

The Milanese bank said it had converted into shares an around 10% Commerzbank stake which it had until now held in derivatives, getting to a roughly 20% voting stake.

""UniCredit plans to convert into shares its remaining synthetic position of around 9% in due time, getting to an around 29% voting stake in Commerzbank,"" it said.

The moves come after Chief Executive Andrea Orcel wrote to the new German government calling for talks over what UniCredit should do with the Commerzbank investment.

Orcel wanted to show with the share increase that he does what he says he will do, according to a person with knowledge of Orcel’s thinking.

The timing is surprising, said a person familiar with Commerzbank’s strategy, adding that Orcel may be positioning himself for a formal dialogue with the German bank and its stakeholders for a takeover, something he has been seeking.

Germany’s Verdi labour union, long opposing any merger, said it would continue to fight it, calling UniCredit’s latest moves ""hostile takeover activities, not confidence-building measures"".

Orcel has advocated a merger of Commerzbank and UniCredit’s German unit HVB as the best outcome for all stakeholders, provided a deal has broad support from all relevant parties.

He has repeatedly said he could alternatively keep the Commerzbank stake as a financial investment, or sell it.

In his most recent letter to the new German government, Orcel has said he wants to sit down with German authorities to find the best solution for all parties involved given UniCredit’s Commerzbank investment, were Berlin to continue opposing a merger.

""UniCredit is Commerzbank’s leading investor,"" it said in the statement on Tuesday.",https://www.investing.com/news/stock-market-news/unicredit-gets-to-20-equity-stake-in-commerzbank-after-derivatives-conversion-4127178
2025-07-08,13:29,"Trump says US to impose 50% tariff on copper imports, copper futures jump By Reuters","By Andrea Shalal, Jarrett Renshaw and Ernest Scheyder

WASHINGTON (Reuters) - President Donald Trump said he will announce a 50% tariff on copper on Tuesday, hoping to boost U.S. production of a metal critical to electric vehicles, military hardware, the power grid and many consumer goods.

U.S. Comex jumped more than 12% to a record high after Trump announced the planned tariffs, which came earlier than the industry had expected, and the rate was steeper.

Trump told reporters at a White House cabinet meeting that he planned to make the copper tariff announcement later in the day but he did not say when the tariff would take effect.

""I believe the tariff on copper, we’re going to make 50%,"" Trump said.

After Trump spoke, U.S. Commerce Secretary Howard Lutnick said in an interview on CNBC that the copper tariffs would likely be put in place by the end of July or August 1. He said Trump would post details on his Truth Social media account sometime on Tuesday.

Trump had yet to formally announce the tariffs by Wednesday evening and several countries, mining companies and trade groups said they were awaiting firm details.

Analysts with RBC Capital Markets said they expect short-term volatility in copper prices and shares of copper companies should the tariff be implemented.

In February, the administration announced a so-called Section 232 investigation into U.S. imports of the red metal. The deadline for the investigation to conclude was November, but Lutnick said the review was already complete.

""The idea is to bring copper home, bring copper production home, bring the ability to make copper, which is key to the industrial sector, back home to America,"" Lutnick said.

The National Association declined to comment, saying it preferred to wait until details were released. The American Critical Minerals Association did not immediately respond to requests for comment.

Copper is used in construction, transportation, electronics and many other industries. The U.S. imports roughly half of its copper needs each year and only has three copper smelters.

Major copper mining projects across the U.S. have faced strong opposition in recent years due to a variety of reasons, including Rio Tinto (NYSE: ) and BHP’s Resolution Copper project in Arizona and Northern Dynasty Minerals (NYSE: )’ Pebble Mine project in Alaska.

Shares of the world’s largest copper producer, Phoenix-based Freeport-McMoRan (NYSE: ), shot up more than 5% at one point in Tuesday trading. The company, which produced 1.26 billion pounds (571,530 metric tonnes) of copper in the U.S. last year, did not immediately respond to a request for comment.

Freeport, which would benefit from U.S. copper tariffs but worries that the duties would hurt the global economy, has advised Trump to focus on boosting U.S. copper production.

Countries set to be most affected by any new U.S. copper tariff would be Chile, Canada and Mexico, which were the top suppliers to the U.S. of refined copper, copper alloys and copper products in 2024, according to U.S. Census Bureau data.

Chile, Canada and Peru - three of the largest copper suppliers to the U.S. - have told the administration that imports from their countries do not threaten U.S. interests and should not face tariffs. All three have free trade deals with the U.S.

Mexico’s Economy Ministry and Canada’s Finance Ministry did not immediately respond to requests for comment, while Chile’s Foreign Ministry said it had not received any formal communication about the tariffs.

Chile’s Mining Ministry declined to comment. Chairman Maximo Pacheco of Codelco, the country’s top copper miner, told Reuters the company wanted to know which copper products would be included and if the tariff would hit all countries.

Pierre Gratton, president of the Mining Association of Canada, said the tariff is concerning for copper smelters such as Glencore (OTC: )’s Horne facility in Quebec. Gratton added he was waiting for the 232 report from Trump officials.

A 50% tariff on copper imports would hit U.S. companies that use the metal because the country is years away from meeting its needs, said Ole Hansen, head of commodity strategy at Saxo Bank.

""The U.S. has imported a whole year of demand over the past six months, so the local storage levels are ample,"" Hansen said. ""I see a correction in copper prices following the initial jump.""",https://www.investing.com/news/stock-market-news/trump-says-he-will-impose-50-tariff-on-copper-imports-on-tuesday-4127126
2025-07-08,12:56,"Consumer agency sidelines top fair lending official, sources say By Reuters","By Douglas Gillison and Chris Prentice

WASHINGTON/NEW YORK (Reuters) -The top official overseeing fair lending at the U.S. Consumer Financial Protection Bureau was placed on administrative leave, according to two people familiar with the matter, sidelining another senior figure at a watchdog agency President Donald Trump is seeking to minimize if not eliminate outright.

It was unclear what motivated the decision. Frank Vespa-Papaleo, CFPB assistant director for fair lending and equal opportunity, declined to comment. The CFPB did not immediately respond to queries about the decision.

Vespa-Papaleo told a federal court in April that the Trump administration’s plans to eliminate nearly 90% of the agency’s remaining workforce would have left him as the sole employee of his office.

In a sworn statement, he said the office would be left incapable of fulfilling its obligations under the law, such as overseeing banks’ and other companies’ compliance with laws prohibiting discrimination in lending.

The CFPB last month decided to end an oversight agreement with Bank of America three years early that had been part of a settlement in which officials in 2023 alleged the bank had routinely submitted inaccurate information about mortgage applicants to the federal government.

Also last month, a federal judge in Chicago blocked the CFPB’s request to undo a racial discrimination settlement with a mortgage originator.

A federal appeals court in Washington has yet to decide on the Trump administration’s effort to undo a court injunction blocking the agency from firing most agency staff.

Trump has accused the CFPB, without citing evidence, of politicized oversight and vowed to eliminate it. Senior officials have argued in court that a far smaller version will persist.

Attorneys representing CFPB workers have said the administration illegally plans to nullify a body created by Congress.",https://www.investing.com/news/stock-market-news/consumer-agency-sidelines-top-fair-lending-official-sources-say-4127103
2025-07-08,08:58,Ford says Michigan EV battery plant ’on track’ for production tax credits By Reuters,"By David Shepardson

(Reuters) -Ford Motor said Tuesday it believes its planned $3 billion Michigan electric vehicle battery plant, which is 60% complete, will qualify for production tax credits after a massive tax and budget bill revised the rules.

In May, Ford had sounded the alarm over the potential for the U.S. government to eliminate production tax credits that support the manufacturing of electric vehicle batteries using Chinese technology in the House version of legislation.

Ford said Tuesday the Marshall, Michigan plant that is slated to employ 1,700 workers ""is on track to qualify for the production tax credit -- a win for our customers and a win for American competitiveness.""

Ford said the plant, which was announced in February 2023, is expected to begin producing batteries in 2026. Ford’s factory would make battery cells using tech from Chinese battery giant CATL.

The tax bill passed by the U.S. House of Representatives would have barred tax credits for batteries produced with components made by some Chinese companies or under a license agreement with Chinese firms.

The Alliance for Automobile Manufacturers, a group representing General Motors (NYSE: ) Ford, Toyota (NYSE: ) Volkswagen (ETR: ) and others, praised the final bill for revising language on a battery production tax credit that ""preserved auto-related advanced manufacturing across the country and prohibited Chinese companies from eligibility.""

Ford received a reduced incentive package from Michigan last year for the battery plant after it cut expected production there to match slowing demand for electric vehicles. The plant has drawn scrutiny from some lawmakers for its ties to the Chinese company.

The sweeping tax and budget legislation took aim at EVs on a number of fronts.

It ends the $7,500 tax credit for buying or leasing new electric vehicles on September 30, as well as a $4,000 used EV credit.

Separately, U.S. automakers stand to receive significant benefits from the law that also eliminates penalties for failing to meet Corporate Average Fuel Economy shortfalls, which makes it easier for automakers to build gas-powered vehicles.",https://www.investing.com/news/stock-market-news/ford-says-michigan-ev-battery-plant-on-track-for-production-tax-credits-4126614
2025-07-08,08:54,"ReserveOne, backed by crypto heavyweights, set to raise over $1 billion in Nasdaq listing By Reuters","By Niket Nishant

(Reuters) -ReserveOne, a new crypto venture with ties to industry veterans and a former U.S. commerce secretary, will list on the Nasdaq through a merger with blank-check firm M3-Brigade Acquisition V Corp and is expected to raise more than $1 billion.

The company will manage a portfolio of cryptocurrencies including bitcoin, ethereum and , while aligning its holdings with the U.S. strategic crypto reserve, it said on Tuesday.

The deal, expected to close in the October-December quarter, is the latest in a series of efforts to wrap crypto assets into equity and make them more appealing for traditional investors.

The exponential stock price growth of Michael Saylor’s Strategy, which pivoted to a bitcoin-focused business model in 2020, has also popularized the playbook.

While ReserveOne is joining a crowded space, its CEO Jaime Leverton said the company’s investment strategy and leadership give it an edge. Leverton previously led crypto miner and computing provider Hut 8.

""Our management team and anticipated board of directors bring a really unique pedigree and diversity of background between Wall Street and regulatory and crypto,"" Leverton told Reuters.

Sebastian Bea, a former executive at asset managers BlackRock (NYSE: ) and Coinbase (NASDAQ: ) Asset Management , will serve as ReserveOne’s president and head of investment.

Its board will be chaired by stablecoin giant ’s co-founder Reeve Collins and will include former Blackstone (NYSE: ) dealmaker Chinh Chu and Wilbur Ross, the Secretary of Commerce in the first Trump administration.

""Wilbur was a skeptic. But over the last number of months, he’s really opened up to this space,"" Leverton said.

The company also plans to generate returns by offering some assets for lending and institutional staking — a practice where crypto is locked up in exchange for periodic payouts.

Blockchain.com and Kraken are among the investors in the blank-check deal, contributing up to $750 million through a combination of equity and convertible debt offering.

Blank-check firms such as M3-Brigade are shell entities that raise capital through an IPO with the sole purpose of merging with a private company, which then becomes publicly traded.",https://www.investing.com/news/stock-market-news/reserveone-backed-by-crypto-heavyweights-set-to-raise-over-1-billion-in-nasdaq-listing-4126596
2025-07-08,06:34,TSX lower as investors assess Trump tariff announcements By Investing.com,"Investing.com - Canada’s main stock exchange ended lower on Tuesday, as investors poured through U.S President Donald Trump’s latest salvo in his aggressive trade agenda.

The index settled down 0.43%, shedding 116 points at 26,903.57.

Sentiment was dented as the investors awaited Trump’s tariff announcements, which included his decision to send letters to multiple countries detailing the higher levies they could face. Trump also extended a tariff deadline back from July 9 to August 1.

New deadline and tariff threats

US stocks slipped as investors assessed the economic impact of U.S. President Donald Trump’s latest salvo in his aggressive tariff agenda.



At 4:00 p.m. ET (20:00 GMT), the fell 165 points, or 0.4%, while the fell 0.1%, added 0.03%.

Trump on Monday released letters outlining trade tariffs against a slew of countries. He imposed a 25% levy on South Korea, Japan, Malaysia, and Kazakhstan, a 30% levy on South Africa, a 32% levy on Indonesia, a 35% levy on Bangladesh, and a 36% levy on Thailand.

The president later told reporters that his August 1 deadline was not ""100% firm,"" and that he remained open to more trade talks and potential deals.

Notably, the higher tariffs will not combine with previously announced sector tariffs such as those on automobiles, steel, and aluminum. Crucially, letters were not sent to India and the European Union, which analysts and media reports interpreted as an indication that possible trade deals may be imminent.

Treasury Secretary Scott Bessent said he expected to announce more trade deals in the coming days.

drops

Crude prices gained as traders eyed uncertainty over the potential impact of Trump’s tariff hikes, along with lingering concerns from rising OPEC+ output.

At 12,05 ET, futures was up 0.82% to $70.13 a barrel and U.S. fell 0.65% to $68.37 per barrel.

Trump’s tariffs have prompted uncertainty across the market and concerns they could have a negative effect on the global economy and, consequently, oil demand.

Elsewhere, the Organization of the Petroleum Exporting Countries and its allies, a group known as OPEC+, announced on Saturday that it will increase oil production by 548,000 barrels per day (bpd) in August. The hike was larger than the 411,000 bpd increases already implemented for May, June, and July.

Gold prices ease

Elsewhere, gold prices declined, pulled down by a rise in U.S. Treasury yields following Trump’s new tariff proposals.

The yield on the benchmark 10-year Treasury note rose to a two-week high, lessening the appeal of non-yielding bullion.

Economists have warned that elevated tariffs could stoke inflationary pressures, which may in turn impact how the Federal Reserve chooses to approach future possible interest rate cuts. More details about the Fed’s outlook for rates is anticipated to come on Wednesday, when the central bank releases minutes from its policy gathering last month.

fell 1.1% to $3,299.49 an ounce, while for September were down by 1.03% at $3,308.40/oz by 12:05 ET.",https://www.investing.com/news/stock-market-news/tsx-futures-inch-higher-as-investors-assess-trump-tariff-announcements-4125997
